image_path,design_group
data/training/custom_1500/images/boat/boat_0001.jpeg,boat
data/training/custom_1500/images/boat/boat_0002.jpeg,boat
data/training/custom_1500/images/boat/boat_0003.jpeg,boat
data/training/custom_1500/images/boat/boat_0004.jpeg,boat
data/training/custom_1500/images/boat/boat_0005.jpeg,boat
data/training/custom_1500/images/boat/boat_0006.jpeg,boat
data/training/custom_1500/images/boat/boat_0007.jpeg,boat
data/training/custom_1500/images/boat/boat_0008.jpeg,boat
data/training/custom_1500/images/boat/boat_0009.jpeg,boat
data/training/custom_1500/images/boat/boat_0010.jpeg,boat
data/training/custom_1500/images/boat/boat_0011.jpeg,boat
data/training/custom_1500/images/boat/boat_0012.jpeg,boat
data/training/custom_1500/images/boat/boat_0013.jpeg,boat
data/training/custom_1500/images/boat/boat_0014.jpeg,boat
data/training/custom_1500/images/boat/boat_0015.jpeg,boat
data/training/custom_1500/images/boat/boat_0016.jpeg,boat
data/training/custom_1500/images/boat/boat_0017.jpeg,boat
data/training/custom_1500/images/boat/boat_0018.jpeg,boat
data/training/custom_1500/images/boat/boat_0019.jpeg,boat
data/training/custom_1500/images/boat/boat_0020.jpeg,boat
data/training/custom_1500/images/boat/boat_0021.jpeg,boat
data/training/custom_1500/images/boat/boat_0022.jpeg,boat
data/training/custom_1500/images/boat/boat_0023.jpeg,boat
data/training/custom_1500/images/boat/boat_0024.jpeg,boat
data/training/custom_1500/images/boat/boat_0025.jpeg,boat
data/training/custom_1500/images/boat/boat_0026.jpeg,boat
data/training/custom_1500/images/boat/boat_0027.jpeg,boat
data/training/custom_1500/images/boat/boat_0028.jpeg,boat
data/training/custom_1500/images/boat/boat_0029.jpeg,boat
data/training/custom_1500/images/boat/boat_0030.jpeg,boat
data/training/custom_1500/images/boat/boat_0031.jpeg,boat
data/training/custom_1500/images/boat/boat_0032.jpeg,boat
data/training/custom_1500/images/boat/boat_0033.jpeg,boat
data/training/custom_1500/images/boat/boat_0034.jpeg,boat
data/training/custom_1500/images/boat/boat_0035.jpeg,boat
data/training/custom_1500/images/boat/boat_0036.jpeg,boat
data/training/custom_1500/images/boat/boat_0037.jpeg,boat
data/training/custom_1500/images/boat/boat_0038.jpeg,boat
data/training/custom_1500/images/boat/boat_0039.jpeg,boat
data/training/custom_1500/images/boat/boat_0040.jpeg,boat
data/training/custom_1500/images/boat/boat_0041.jpeg,boat
data/training/custom_1500/images/boat/boat_0042.jpeg,boat
data/training/custom_1500/images/boat/boat_0043.jpeg,boat
data/training/custom_1500/images/boat/boat_0044.jpeg,boat
data/training/custom_1500/images/boat/boat_0045.jpeg,boat
data/training/custom_1500/images/boat/boat_0046.jpeg,boat
data/training/custom_1500/images/boat/boat_0047.jpeg,boat
data/training/custom_1500/images/boat/boat_0048.jpeg,boat
data/training/custom_1500/images/boat/boat_0049.jpeg,boat
data/training/custom_1500/images/boat/boat_0050.jpeg,boat
data/training/custom_1500/images/boat/boat_0051.jpeg,boat
data/training/custom_1500/images/boat/boat_0052.jpeg,boat
data/training/custom_1500/images/boat/boat_0053.jpeg,boat
data/training/custom_1500/images/boat/boat_0054.jpeg,boat
data/training/custom_1500/images/boat/boat_0055.jpeg,boat
data/training/custom_1500/images/boat/boat_0056.jpeg,boat
data/training/custom_1500/images/boat/boat_0057.jpeg,boat
data/training/custom_1500/images/boat/boat_0058.jpeg,boat
data/training/custom_1500/images/boat/boat_0059.jpeg,boat
data/training/custom_1500/images/boat/boat_0060.jpeg,boat
data/training/custom_1500/images/boat/boat_0061.jpeg,boat
data/training/custom_1500/images/boat/boat_0062.jpeg,boat
data/training/custom_1500/images/boat/boat_0063.jpeg,boat
data/training/custom_1500/images/boat/boat_0064.jpeg,boat
data/training/custom_1500/images/boat/boat_0065.jpeg,boat
data/training/custom_1500/images/boat/boat_0066.jpeg,boat
data/training/custom_1500/images/boat/boat_0067.jpeg,boat
data/training/custom_1500/images/boat/boat_0068.jpeg,boat
data/training/custom_1500/images/boat/boat_0069.jpeg,boat
data/training/custom_1500/images/boat/boat_0070.jpeg,boat
data/training/custom_1500/images/boat/boat_0071.jpeg,boat
data/training/custom_1500/images/boat/boat_0072.jpeg,boat
data/training/custom_1500/images/boat/boat_0073.jpeg,boat
data/training/custom_1500/images/boat/boat_0074.jpeg,boat
data/training/custom_1500/images/boat/boat_0075.jpeg,boat
data/training/custom_1500/images/boat/boat_0076.jpeg,boat
data/training/custom_1500/images/boat/boat_0077.jpeg,boat
data/training/custom_1500/images/boat/boat_0078.jpeg,boat
data/training/custom_1500/images/boat/boat_0079.jpeg,boat
data/training/custom_1500/images/boat/boat_0080.jpeg,boat
data/training/custom_1500/images/boat/boat_0081.jpeg,boat
data/training/custom_1500/images/boat/boat_0082.jpeg,boat
data/training/custom_1500/images/boat/boat_0083.jpeg,boat
data/training/custom_1500/images/boat/boat_0084.jpeg,boat
data/training/custom_1500/images/boat/boat_0085.jpeg,boat
data/training/custom_1500/images/boat/boat_0086.jpeg,boat
data/training/custom_1500/images/boat/boat_0087.jpeg,boat
data/training/custom_1500/images/boat/boat_0088.jpeg,boat
data/training/custom_1500/images/boat/boat_0089.jpeg,boat
data/training/custom_1500/images/boat/boat_0090.jpeg,boat
data/training/custom_1500/images/boat/boat_0091.jpeg,boat
data/training/custom_1500/images/boat/boat_0092.jpeg,boat
data/training/custom_1500/images/boat/boat_0093.jpeg,boat
data/training/custom_1500/images/boat/boat_0094.jpeg,boat
data/training/custom_1500/images/boat/boat_0095.jpeg,boat
data/training/custom_1500/images/boat/boat_0096.jpeg,boat
data/training/custom_1500/images/boat/boat_0097.jpeg,boat
data/training/custom_1500/images/boat/boat_0098.jpeg,boat
data/training/custom_1500/images/boat/boat_0099.jpeg,boat
data/training/custom_1500/images/boat/boat_0100.jpeg,boat
data/training/custom_1500/images/boat/boat_0101.jpeg,boat
data/training/custom_1500/images/boat/boat_0102.jpeg,boat
data/training/custom_1500/images/boat/boat_0103.jpeg,boat
data/training/custom_1500/images/boat/boat_0104.jpeg,boat
data/training/custom_1500/images/boat/boat_0105.jpeg,boat
data/training/custom_1500/images/boat/boat_0106.jpeg,boat
data/training/custom_1500/images/boat/boat_0107.jpeg,boat
data/training/custom_1500/images/boat/boat_0108.jpeg,boat
data/training/custom_1500/images/boat/boat_0109.jpeg,boat
data/training/custom_1500/images/boat/boat_0110.jpeg,boat
data/training/custom_1500/images/boat/boat_0111.jpeg,boat
data/training/custom_1500/images/boat/boat_0112.jpeg,boat
data/training/custom_1500/images/boat/boat_0113.jpeg,boat
data/training/custom_1500/images/boat/boat_0114.jpeg,boat
data/training/custom_1500/images/boat/boat_0115.jpeg,boat
data/training/custom_1500/images/boat/boat_0116.jpeg,boat
data/training/custom_1500/images/boat/boat_0117.jpeg,boat
data/training/custom_1500/images/boat/boat_0118.jpeg,boat
data/training/custom_1500/images/boat/boat_0119.jpeg,boat
data/training/custom_1500/images/boat/boat_0120.jpeg,boat
data/training/custom_1500/images/boat/boat_0121.jpeg,boat
data/training/custom_1500/images/boat/boat_0122.jpeg,boat
data/training/custom_1500/images/boat/boat_0123.jpeg,boat
data/training/custom_1500/images/boat/boat_0124.jpeg,boat
data/training/custom_1500/images/boat/boat_0125.jpeg,boat
data/training/custom_1500/images/boat/boat_0126.jpeg,boat
data/training/custom_1500/images/boat/boat_0127.jpeg,boat
data/training/custom_1500/images/boat/boat_0128.jpeg,boat
data/training/custom_1500/images/boat/boat_0129.jpeg,boat
data/training/custom_1500/images/boat/boat_0130.jpeg,boat
data/training/custom_1500/images/boat/boat_0131.jpeg,boat
data/training/custom_1500/images/boat/boat_0132.jpeg,boat
data/training/custom_1500/images/boat/boat_0133.jpeg,boat
data/training/custom_1500/images/boat/boat_0134.jpeg,boat
data/training/custom_1500/images/boat/boat_0135.jpeg,boat
data/training/custom_1500/images/boat/boat_0136.jpeg,boat
data/training/custom_1500/images/boat/boat_0137.jpeg,boat
data/training/custom_1500/images/boat/boat_0138.jpeg,boat
data/training/custom_1500/images/boat/boat_0139.jpeg,boat
data/training/custom_1500/images/boat/boat_0140.jpeg,boat
data/training/custom_1500/images/boat/boat_0141.jpeg,boat
data/training/custom_1500/images/boat/boat_0142.jpeg,boat
data/training/custom_1500/images/boat/boat_0143.jpeg,boat
data/training/custom_1500/images/boat/boat_0144.jpeg,boat
data/training/custom_1500/images/boat/boat_0145.jpeg,boat
data/training/custom_1500/images/boat/boat_0146.jpeg,boat
data/training/custom_1500/images/boat/boat_0147.jpeg,boat
data/training/custom_1500/images/boat/boat_0148.jpeg,boat
data/training/custom_1500/images/boat/boat_0149.jpeg,boat
data/training/custom_1500/images/boat/boat_0150.jpeg,boat
data/training/custom_1500/images/boat/boat_0151.jpeg,boat
data/training/custom_1500/images/boat/boat_0152.jpeg,boat
data/training/custom_1500/images/boat/boat_0153.jpeg,boat
data/training/custom_1500/images/boat/boat_0154.jpeg,boat
data/training/custom_1500/images/boat/boat_0155.jpeg,boat
data/training/custom_1500/images/boat/boat_0156.jpeg,boat
data/training/custom_1500/images/boat/boat_0157.jpeg,boat
data/training/custom_1500/images/boat/boat_0158.jpeg,boat
data/training/custom_1500/images/boat/boat_0159.jpeg,boat
data/training/custom_1500/images/boat/boat_0160.jpeg,boat
data/training/custom_1500/images/boat/boat_0161.jpeg,boat
data/training/custom_1500/images/boat/boat_0162.jpeg,boat
data/training/custom_1500/images/boat/boat_0163.jpeg,boat
data/training/custom_1500/images/boat/boat_0164.jpeg,boat
data/training/custom_1500/images/boat/boat_0165.jpeg,boat
data/training/custom_1500/images/boat/boat_0166.jpeg,boat
data/training/custom_1500/images/boat/boat_0167.jpeg,boat
data/training/custom_1500/images/boat/boat_0168.jpeg,boat
data/training/custom_1500/images/boat/boat_0169.jpeg,boat
data/training/custom_1500/images/boat/boat_0170.jpeg,boat
data/training/custom_1500/images/boat/boat_0171.jpeg,boat
data/training/custom_1500/images/boat/boat_0172.jpeg,boat
data/training/custom_1500/images/boat/boat_0173.jpeg,boat
data/training/custom_1500/images/boat/boat_0174.jpeg,boat
data/training/custom_1500/images/boat/boat_0175.jpeg,boat
data/training/custom_1500/images/boat/boat_0176.jpeg,boat
data/training/custom_1500/images/boat/boat_0177.jpeg,boat
data/training/custom_1500/images/boat/boat_0178.jpeg,boat
data/training/custom_1500/images/boat/boat_0179.jpeg,boat
data/training/custom_1500/images/boat/boat_0180.jpeg,boat
data/training/custom_1500/images/boat/boat_0181.jpeg,boat
data/training/custom_1500/images/boat/boat_0182.jpeg,boat
data/training/custom_1500/images/boat/boat_0183.jpeg,boat
data/training/custom_1500/images/boat/boat_0184.jpeg,boat
data/training/custom_1500/images/boat/boat_0185.jpeg,boat
data/training/custom_1500/images/boat/boat_0186.jpeg,boat
data/training/custom_1500/images/boat/boat_0187.jpeg,boat
data/training/custom_1500/images/boat/boat_0188.jpeg,boat
data/training/custom_1500/images/boat/boat_0189.jpeg,boat
data/training/custom_1500/images/boat/boat_0190.jpeg,boat
data/training/custom_1500/images/boat/boat_0191.jpeg,boat
data/training/custom_1500/images/boat/boat_0192.jpeg,boat
data/training/custom_1500/images/boat/boat_0193.jpeg,boat
data/training/custom_1500/images/boat/boat_0194.jpeg,boat
data/training/custom_1500/images/boat/boat_0195.jpeg,boat
data/training/custom_1500/images/boat/boat_0196.jpeg,boat
data/training/custom_1500/images/boat/boat_0197.jpeg,boat
data/training/custom_1500/images/boat/boat_0198.jpeg,boat
data/training/custom_1500/images/boat/boat_0199.jpeg,boat
data/training/custom_1500/images/boat/boat_0200.jpeg,boat
data/training/custom_1500/images/boat/boat_0201.jpeg,boat
data/training/custom_1500/images/boat/boat_0202.jpeg,boat
data/training/custom_1500/images/boat/boat_0203.jpeg,boat
data/training/custom_1500/images/boat/boat_0204.jpeg,boat
data/training/custom_1500/images/boat/boat_0205.jpeg,boat
data/training/custom_1500/images/boat/boat_0206.jpeg,boat
data/training/custom_1500/images/boat/boat_0207.jpeg,boat
data/training/custom_1500/images/boat/boat_0208.jpeg,boat
data/training/custom_1500/images/boat/boat_0209.jpeg,boat
data/training/custom_1500/images/boat/boat_0210.jpeg,boat
data/training/custom_1500/images/boat/boat_0211.jpeg,boat
data/training/custom_1500/images/boat/boat_0212.jpeg,boat
data/training/custom_1500/images/boat/boat_0213.jpeg,boat
data/training/custom_1500/images/boat/boat_0214.jpeg,boat
data/training/custom_1500/images/boat/boat_0215.jpeg,boat
data/training/custom_1500/images/boat/boat_0216.jpeg,boat
data/training/custom_1500/images/boat/boat_0217.jpeg,boat
data/training/custom_1500/images/boat/boat_0218.jpeg,boat
data/training/custom_1500/images/boat/boat_0219.jpeg,boat
data/training/custom_1500/images/boat/boat_0220.jpeg,boat
data/training/custom_1500/images/boat/boat_0221.jpeg,boat
data/training/custom_1500/images/boat/boat_0222.jpeg,boat
data/training/custom_1500/images/boat/boat_0223.jpeg,boat
data/training/custom_1500/images/boat/boat_0224.jpeg,boat
data/training/custom_1500/images/boat/boat_0225.jpeg,boat
data/training/custom_1500/images/boat/boat_0226.jpeg,boat
data/training/custom_1500/images/boat/boat_0227.jpeg,boat
data/training/custom_1500/images/boat/boat_0228.jpeg,boat
data/training/custom_1500/images/boat/boat_0229.jpeg,boat
data/training/custom_1500/images/boat/boat_0230.jpeg,boat
data/training/custom_1500/images/boat/boat_0231.jpeg,boat
data/training/custom_1500/images/boat/boat_0232.jpeg,boat
data/training/custom_1500/images/boat/boat_0233.jpeg,boat
data/training/custom_1500/images/boat/boat_0234.jpeg,boat
data/training/custom_1500/images/boat/boat_0235.jpeg,boat
data/training/custom_1500/images/boat/boat_0236.jpeg,boat
data/training/custom_1500/images/boat/boat_0237.jpeg,boat
data/training/custom_1500/images/boat/boat_0238.jpeg,boat
data/training/custom_1500/images/boat/boat_0239.jpeg,boat
data/training/custom_1500/images/boat/boat_0240.jpeg,boat
data/training/custom_1500/images/boat/boat_0241.jpeg,boat
data/training/custom_1500/images/boat/boat_0242.jpeg,boat
data/training/custom_1500/images/boat/boat_0243.jpeg,boat
data/training/custom_1500/images/boat/boat_0244.jpeg,boat
data/training/custom_1500/images/boat/boat_0245.jpeg,boat
data/training/custom_1500/images/boat/boat_0246.jpeg,boat
data/training/custom_1500/images/boat/boat_0247.jpeg,boat
data/training/custom_1500/images/boat/boat_0248.jpeg,boat
data/training/custom_1500/images/boat/boat_0249.jpeg,boat
data/training/custom_1500/images/boat/boat_0250.jpeg,boat
data/training/custom_1500/images/boat/boat_0251.jpeg,boat
data/training/custom_1500/images/boat/boat_0252.jpeg,boat
data/training/custom_1500/images/boat/boat_0253.jpeg,boat
data/training/custom_1500/images/boat/boat_0254.jpeg,boat
data/training/custom_1500/images/boat/boat_0255.jpeg,boat
data/training/custom_1500/images/boat/boat_0256.jpeg,boat
data/training/custom_1500/images/boat/boat_0257.jpeg,boat
data/training/custom_1500/images/boat/boat_0258.jpeg,boat
data/training/custom_1500/images/boat/boat_0259.jpeg,boat
data/training/custom_1500/images/boat/boat_0260.jpeg,boat
data/training/custom_1500/images/boat/boat_0261.jpeg,boat
data/training/custom_1500/images/boat/boat_0262.jpeg,boat
data/training/custom_1500/images/boat/boat_0263.jpeg,boat
data/training/custom_1500/images/boat/boat_0264.jpeg,boat
data/training/custom_1500/images/boat/boat_0265.jpeg,boat
data/training/custom_1500/images/boat/boat_0266.jpeg,boat
data/training/custom_1500/images/boat/boat_0267.jpeg,boat
data/training/custom_1500/images/boat/boat_0268.jpeg,boat
data/training/custom_1500/images/boat/boat_0269.jpeg,boat
data/training/custom_1500/images/boat/boat_0270.jpeg,boat
data/training/custom_1500/images/boat/boat_0271.jpeg,boat
data/training/custom_1500/images/boat/boat_0272.jpeg,boat
data/training/custom_1500/images/boat/boat_0273.jpeg,boat
data/training/custom_1500/images/boat/boat_0274.jpeg,boat
data/training/custom_1500/images/boat/boat_0275.jpeg,boat
data/training/custom_1500/images/boat/boat_0276.jpeg,boat
data/training/custom_1500/images/boat/boat_0277.jpeg,boat
data/training/custom_1500/images/boat/boat_0278.jpeg,boat
data/training/custom_1500/images/boat/boat_0279.jpeg,boat
data/training/custom_1500/images/boat/boat_0280.jpeg,boat
data/training/custom_1500/images/boat/boat_0281.jpeg,boat
data/training/custom_1500/images/boat/boat_0282.jpeg,boat
data/training/custom_1500/images/boat/boat_0283.jpeg,boat
data/training/custom_1500/images/boat/boat_0284.jpeg,boat
data/training/custom_1500/images/boat/boat_0285.jpeg,boat
data/training/custom_1500/images/boat/boat_0286.jpeg,boat
data/training/custom_1500/images/boat/boat_0287.jpeg,boat
data/training/custom_1500/images/boat/boat_0288.jpeg,boat
data/training/custom_1500/images/boat/boat_0289.jpeg,boat
data/training/custom_1500/images/boat/boat_0290.jpeg,boat
data/training/custom_1500/images/boat/boat_0291.jpeg,boat
data/training/custom_1500/images/boat/boat_0292.jpeg,boat
data/training/custom_1500/images/boat/boat_0293.jpeg,boat
data/training/custom_1500/images/boat/boat_0294.jpeg,boat
data/training/custom_1500/images/boat/boat_0295.jpeg,boat
data/training/custom_1500/images/boat/boat_0296.jpeg,boat
data/training/custom_1500/images/boat/boat_0297.jpeg,boat
data/training/custom_1500/images/boat/boat_0298.jpeg,boat
data/training/custom_1500/images/boat/boat_0299.jpeg,boat
data/training/custom_1500/images/boat/boat_0300.jpeg,boat
data/training/custom_1500/images/boat/boat_0301.jpeg,boat
data/training/custom_1500/images/boat/boat_0302.jpeg,boat
data/training/custom_1500/images/boat/boat_0303.jpeg,boat
data/training/custom_1500/images/boat/boat_0304.jpeg,boat
data/training/custom_1500/images/boat/boat_0305.jpeg,boat
data/training/custom_1500/images/boat/boat_0306.jpeg,boat
data/training/custom_1500/images/boat/boat_0307.jpeg,boat
data/training/custom_1500/images/boat/boat_0308.jpeg,boat
data/training/custom_1500/images/boat/boat_0309.jpeg,boat
data/training/custom_1500/images/boat/boat_0310.jpeg,boat
data/training/custom_1500/images/boat/boat_0311.jpeg,boat
data/training/custom_1500/images/boat/boat_0312.jpeg,boat
data/training/custom_1500/images/boat/boat_0313.jpeg,boat
data/training/custom_1500/images/boat/boat_0314.jpeg,boat
data/training/custom_1500/images/boat/boat_0315.jpeg,boat
data/training/custom_1500/images/boat/boat_0316.jpeg,boat
data/training/custom_1500/images/boat/boat_0317.jpeg,boat
data/training/custom_1500/images/boat/boat_0318.jpeg,boat
data/training/custom_1500/images/boat/boat_0319.jpeg,boat
data/training/custom_1500/images/boat/boat_0320.jpeg,boat
data/training/custom_1500/images/boat/boat_0321.jpeg,boat
data/training/custom_1500/images/boat/boat_0322.jpeg,boat
data/training/custom_1500/images/boat/boat_0323.jpeg,boat
data/training/custom_1500/images/boat/boat_0324.jpeg,boat
data/training/custom_1500/images/boat/boat_0325.jpeg,boat
data/training/custom_1500/images/boat/boat_0326.jpeg,boat
data/training/custom_1500/images/boat/boat_0327.jpeg,boat
data/training/custom_1500/images/boat/boat_0328.jpeg,boat
data/training/custom_1500/images/boat/boat_0329.jpeg,boat
data/training/custom_1500/images/boat/boat_0330.jpeg,boat
data/training/custom_1500/images/boat/boat_0331.jpeg,boat
data/training/custom_1500/images/boat/boat_0332.jpeg,boat
data/training/custom_1500/images/boat/boat_0333.jpeg,boat
data/training/custom_1500/images/boat/boat_0334.jpeg,boat
data/training/custom_1500/images/boat/boat_0335.jpeg,boat
data/training/custom_1500/images/boat/boat_0336.jpeg,boat
data/training/custom_1500/images/boat/boat_0337.jpeg,boat
data/training/custom_1500/images/boat/boat_0338.jpeg,boat
data/training/custom_1500/images/boat/boat_0339.jpeg,boat
data/training/custom_1500/images/boat/boat_0340.jpeg,boat
data/training/custom_1500/images/boat/boat_0341.jpeg,boat
data/training/custom_1500/images/boat/boat_0342.jpeg,boat
data/training/custom_1500/images/boat/boat_0343.jpeg,boat
data/training/custom_1500/images/boat/boat_0344.jpeg,boat
data/training/custom_1500/images/boat/boat_0345.jpeg,boat
data/training/custom_1500/images/boat/boat_0346.jpeg,boat
data/training/custom_1500/images/boat/boat_0347.jpeg,boat
data/training/custom_1500/images/boat/boat_0348.jpeg,boat
data/training/custom_1500/images/boat/boat_0349.jpeg,boat
data/training/custom_1500/images/boat/boat_0350.jpeg,boat
data/training/custom_1500/images/boat/boat_0351.jpeg,boat
data/training/custom_1500/images/boat/boat_0352.jpeg,boat
data/training/custom_1500/images/boat/boat_0353.jpeg,boat
data/training/custom_1500/images/boat/boat_0354.jpeg,boat
data/training/custom_1500/images/boat/boat_0355.jpeg,boat
data/training/custom_1500/images/boat/boat_0356.jpeg,boat
data/training/custom_1500/images/boat/boat_0357.jpeg,boat
data/training/custom_1500/images/boat/boat_0358.jpeg,boat
data/training/custom_1500/images/boat/boat_0359.jpeg,boat
data/training/custom_1500/images/boat/boat_0360.jpeg,boat
data/training/custom_1500/images/boat/boat_0361.jpeg,boat
data/training/custom_1500/images/boat/boat_0362.jpeg,boat
data/training/custom_1500/images/boat/boat_0363.jpeg,boat
data/training/custom_1500/images/boat/boat_0364.jpeg,boat
data/training/custom_1500/images/boat/boat_0365.jpeg,boat
data/training/custom_1500/images/boat/boat_0366.jpeg,boat
data/training/custom_1500/images/boat/boat_0367.jpeg,boat
data/training/custom_1500/images/boat/boat_0368.jpeg,boat
data/training/custom_1500/images/boat/boat_0369.jpeg,boat
data/training/custom_1500/images/boat/boat_0370.jpeg,boat
data/training/custom_1500/images/boat/boat_0371.jpeg,boat
data/training/custom_1500/images/boat/boat_0372.jpeg,boat
data/training/custom_1500/images/boat/boat_0373.jpeg,boat
data/training/custom_1500/images/boat/boat_0374.jpeg,boat
data/training/custom_1500/images/boat/boat_0375.jpeg,boat
data/training/custom_1500/images/boat/boat_0376.jpeg,boat
data/training/custom_1500/images/boat/boat_0377.jpeg,boat
data/training/custom_1500/images/boat/boat_0378.jpeg,boat
data/training/custom_1500/images/boat/boat_0379.jpeg,boat
data/training/custom_1500/images/boat/boat_0380.jpeg,boat
data/training/custom_1500/images/boat/boat_0381.jpeg,boat
data/training/custom_1500/images/boat/boat_0382.jpeg,boat
data/training/custom_1500/images/boat/boat_0383.jpeg,boat
data/training/custom_1500/images/boat/boat_0384.jpeg,boat
data/training/custom_1500/images/boat/boat_0385.jpeg,boat
data/training/custom_1500/images/boat/boat_0386.jpeg,boat
data/training/custom_1500/images/boat/boat_0387.jpeg,boat
data/training/custom_1500/images/boat/boat_0388.jpeg,boat
data/training/custom_1500/images/boat/boat_0389.jpeg,boat
data/training/custom_1500/images/boat/boat_0390.jpeg,boat
data/training/custom_1500/images/boat/boat_0391.jpeg,boat
data/training/custom_1500/images/boat/boat_0392.jpeg,boat
data/training/custom_1500/images/boat/boat_0393.jpeg,boat
data/training/custom_1500/images/boat/boat_0394.jpeg,boat
data/training/custom_1500/images/boat/boat_0395.jpeg,boat
data/training/custom_1500/images/boat/boat_0396.jpeg,boat
data/training/custom_1500/images/boat/boat_0397.jpeg,boat
data/training/custom_1500/images/boat/boat_0398.jpeg,boat
data/training/custom_1500/images/boat/boat_0399.jpeg,boat
data/training/custom_1500/images/boat/boat_0400.jpeg,boat
data/training/custom_1500/images/boat/boat_0401.jpeg,boat
data/training/custom_1500/images/boat/boat_0402.jpeg,boat
data/training/custom_1500/images/boat/boat_0403.jpeg,boat
data/training/custom_1500/images/boat/boat_0404.jpeg,boat
data/training/custom_1500/images/boat/boat_0405.jpeg,boat
data/training/custom_1500/images/boat/boat_0406.jpeg,boat
data/training/custom_1500/images/boat/boat_0407.jpeg,boat
data/training/custom_1500/images/boat/boat_0408.jpeg,boat
data/training/custom_1500/images/boat/boat_0409.jpeg,boat
data/training/custom_1500/images/boat/boat_0410.jpeg,boat
data/training/custom_1500/images/boat/boat_0411.jpeg,boat
data/training/custom_1500/images/boat/boat_0412.jpeg,boat
data/training/custom_1500/images/boat/boat_0413.jpeg,boat
data/training/custom_1500/images/boat/boat_0414.jpeg,boat
data/training/custom_1500/images/boat/boat_0415.jpeg,boat
data/training/custom_1500/images/boat/boat_0416.jpeg,boat
data/training/custom_1500/images/boat/boat_0417.jpeg,boat
data/training/custom_1500/images/boat/boat_0418.jpeg,boat
data/training/custom_1500/images/boat/boat_0419.jpeg,boat
data/training/custom_1500/images/boat/boat_0420.jpeg,boat
data/training/custom_1500/images/boat/boat_0421.jpeg,boat
data/training/custom_1500/images/boat/boat_0422.jpeg,boat
data/training/custom_1500/images/boat/boat_0423.jpeg,boat
data/training/custom_1500/images/boat/boat_0424.jpeg,boat
data/training/custom_1500/images/boat/boat_0425.jpeg,boat
data/training/custom_1500/images/boat/boat_0426.jpeg,boat
data/training/custom_1500/images/boat/boat_0427.jpeg,boat
data/training/custom_1500/images/boat/boat_0428.jpeg,boat
data/training/custom_1500/images/boat/boat_0429.jpeg,boat
data/training/custom_1500/images/boat/boat_0430.jpeg,boat
data/training/custom_1500/images/boat/boat_0431.jpeg,boat
data/training/custom_1500/images/boat/boat_0432.jpeg,boat
data/training/custom_1500/images/boat/boat_0433.jpeg,boat
data/training/custom_1500/images/boat/boat_0434.jpeg,boat
data/training/custom_1500/images/boat/boat_0435.jpeg,boat
data/training/custom_1500/images/boat/boat_0436.jpeg,boat
data/training/custom_1500/images/boat/boat_0437.jpeg,boat
data/training/custom_1500/images/boat/boat_0438.jpeg,boat
data/training/custom_1500/images/boat/boat_0439.jpeg,boat
data/training/custom_1500/images/boat/boat_0440.jpeg,boat
data/training/custom_1500/images/boat/boat_0441.jpeg,boat
data/training/custom_1500/images/boat/boat_0442.jpeg,boat
data/training/custom_1500/images/boat/boat_0443.jpeg,boat
data/training/custom_1500/images/boat/boat_0444.jpeg,boat
data/training/custom_1500/images/boat/boat_0445.jpeg,boat
data/training/custom_1500/images/boat/boat_0446.jpeg,boat
data/training/custom_1500/images/boat/boat_0447.jpeg,boat
data/training/custom_1500/images/boat/boat_0448.jpeg,boat
data/training/custom_1500/images/boat/boat_0449.jpeg,boat
data/training/custom_1500/images/boat/boat_0450.jpeg,boat
data/training/custom_1500/images/boat/boat_0451.jpeg,boat
data/training/custom_1500/images/boat/boat_0452.jpeg,boat
data/training/custom_1500/images/boat/boat_0453.jpeg,boat
data/training/custom_1500/images/boat/boat_0454.jpeg,boat
data/training/custom_1500/images/boat/boat_0455.jpeg,boat
data/training/custom_1500/images/boat/boat_0456.jpeg,boat
data/training/custom_1500/images/boat/boat_0457.jpeg,boat
data/training/custom_1500/images/boat/boat_0458.jpeg,boat
data/training/custom_1500/images/boat/boat_0459.jpeg,boat
data/training/custom_1500/images/boat/boat_0460.jpeg,boat
data/training/custom_1500/images/boat/boat_0461.jpeg,boat
data/training/custom_1500/images/boat/boat_0462.jpeg,boat
data/training/custom_1500/images/boat/boat_0463.jpeg,boat
data/training/custom_1500/images/boat/boat_0464.jpeg,boat
data/training/custom_1500/images/boat/boat_0465.jpeg,boat
data/training/custom_1500/images/boat/boat_0466.jpeg,boat
data/training/custom_1500/images/boat/boat_0467.jpeg,boat
data/training/custom_1500/images/boat/boat_0468.jpeg,boat
data/training/custom_1500/images/boat/boat_0469.jpeg,boat
data/training/custom_1500/images/boat/boat_0470.jpeg,boat
data/training/custom_1500/images/boat/boat_0471.jpeg,boat
data/training/custom_1500/images/boat/boat_0472.jpeg,boat
data/training/custom_1500/images/boat/boat_0473.jpeg,boat
data/training/custom_1500/images/boat/boat_0474.jpeg,boat
data/training/custom_1500/images/boat/boat_0475.jpeg,boat
data/training/custom_1500/images/boat/boat_0476.jpeg,boat
data/training/custom_1500/images/boat/boat_0477.jpeg,boat
data/training/custom_1500/images/boat/boat_0478.jpeg,boat
data/training/custom_1500/images/boat/boat_0479.jpeg,boat
data/training/custom_1500/images/boat/boat_0480.jpeg,boat
data/training/custom_1500/images/boat/boat_0481.jpeg,boat
data/training/custom_1500/images/boat/boat_0482.jpeg,boat
data/training/custom_1500/images/boat/boat_0483.jpeg,boat
data/training/custom_1500/images/boat/boat_0484.jpeg,boat
data/training/custom_1500/images/boat/boat_0485.jpeg,boat
data/training/custom_1500/images/boat/boat_0486.jpeg,boat
data/training/custom_1500/images/boat/boat_0487.jpeg,boat
data/training/custom_1500/images/boat/boat_0488.jpeg,boat
data/training/custom_1500/images/boat/boat_0489.jpeg,boat
data/training/custom_1500/images/boat/boat_0490.jpeg,boat
data/training/custom_1500/images/boat/boat_0491.jpeg,boat
data/training/custom_1500/images/boat/boat_0492.jpeg,boat
data/training/custom_1500/images/boat/boat_0493.jpeg,boat
data/training/custom_1500/images/boat/boat_0494.jpeg,boat
data/training/custom_1500/images/boat/boat_0495.jpeg,boat
data/training/custom_1500/images/boat/boat_0496.jpeg,boat
data/training/custom_1500/images/boat/boat_0497.jpeg,boat
data/training/custom_1500/images/boat/boat_0498.jpeg,boat
data/training/custom_1500/images/boat/boat_0499.jpeg,boat
data/training/custom_1500/images/boat/boat_0500.jpeg,boat
data/training/custom_1500/images/brogue/brogue_0001.jpeg,brogue
data/training/custom_1500/images/brogue/brogue_0002.jpeg,brogue
data/training/custom_1500/images/brogue/brogue_0003.jpeg,brogue
data/training/custom_1500/images/brogue/brogue_0004.jpeg,brogue
data/training/custom_1500/images/brogue/brogue_0005.jpeg,brogue
data/training/custom_1500/images/brogue/brogue_0006.jpeg,brogue
data/training/custom_1500/images/brogue/brogue_0007.jpeg,brogue
data/training/custom_1500/images/brogue/brogue_0008.jpeg,brogue
data/training/custom_1500/images/brogue/brogue_0009.jpeg,brogue
data/training/custom_1500/images/brogue/brogue_0010.jpeg,brogue
data/training/custom_1500/images/brogue/brogue_0011.jpeg,brogue
data/training/custom_1500/images/brogue/brogue_0012.jpeg,brogue
data/training/custom_1500/images/brogue/brogue_0013.jpeg,brogue
data/training/custom_1500/images/brogue/brogue_0014.jpeg,brogue
data/training/custom_1500/images/brogue/brogue_0015.jpeg,brogue
data/training/custom_1500/images/brogue/brogue_0016.jpeg,brogue
data/training/custom_1500/images/brogue/brogue_0017.jpeg,brogue
data/training/custom_1500/images/brogue/brogue_0018.jpeg,brogue
data/training/custom_1500/images/brogue/brogue_0019.jpeg,brogue
data/training/custom_1500/images/brogue/brogue_0020.jpeg,brogue
data/training/custom_1500/images/brogue/brogue_0021.jpeg,brogue
data/training/custom_1500/images/brogue/brogue_0022.jpeg,brogue
data/training/custom_1500/images/brogue/brogue_0023.jpeg,brogue
data/training/custom_1500/images/brogue/brogue_0024.jpeg,brogue
data/training/custom_1500/images/brogue/brogue_0025.jpeg,brogue
data/training/custom_1500/images/brogue/brogue_0026.jpeg,brogue
data/training/custom_1500/images/brogue/brogue_0027.jpeg,brogue
data/training/custom_1500/images/brogue/brogue_0028.jpeg,brogue
data/training/custom_1500/images/brogue/brogue_0029.jpeg,brogue
data/training/custom_1500/images/brogue/brogue_0030.jpeg,brogue
data/training/custom_1500/images/brogue/brogue_0031.jpeg,brogue
data/training/custom_1500/images/brogue/brogue_0032.jpeg,brogue
data/training/custom_1500/images/brogue/brogue_0033.jpeg,brogue
data/training/custom_1500/images/brogue/brogue_0034.jpeg,brogue
data/training/custom_1500/images/brogue/brogue_0035.jpeg,brogue
data/training/custom_1500/images/brogue/brogue_0036.jpeg,brogue
data/training/custom_1500/images/brogue/brogue_0037.jpeg,brogue
data/training/custom_1500/images/brogue/brogue_0038.jpeg,brogue
data/training/custom_1500/images/brogue/brogue_0039.jpeg,brogue
data/training/custom_1500/images/brogue/brogue_0040.jpeg,brogue
data/training/custom_1500/images/brogue/brogue_0041.jpeg,brogue
data/training/custom_1500/images/brogue/brogue_0042.jpeg,brogue
data/training/custom_1500/images/brogue/brogue_0043.jpeg,brogue
data/training/custom_1500/images/brogue/brogue_0044.jpeg,brogue
data/training/custom_1500/images/brogue/brogue_0045.jpeg,brogue
data/training/custom_1500/images/brogue/brogue_0046.jpeg,brogue
data/training/custom_1500/images/brogue/brogue_0047.jpeg,brogue
data/training/custom_1500/images/brogue/brogue_0048.jpeg,brogue
data/training/custom_1500/images/brogue/brogue_0049.jpeg,brogue
data/training/custom_1500/images/brogue/brogue_0050.jpeg,brogue
data/training/custom_1500/images/brogue/brogue_0051.jpeg,brogue
data/training/custom_1500/images/brogue/brogue_0052.jpeg,brogue
data/training/custom_1500/images/brogue/brogue_0053.jpeg,brogue
data/training/custom_1500/images/brogue/brogue_0054.jpeg,brogue
data/training/custom_1500/images/brogue/brogue_0055.jpeg,brogue
data/training/custom_1500/images/brogue/brogue_0056.jpeg,brogue
data/training/custom_1500/images/brogue/brogue_0057.jpeg,brogue
data/training/custom_1500/images/brogue/brogue_0058.jpeg,brogue
data/training/custom_1500/images/brogue/brogue_0059.jpeg,brogue
data/training/custom_1500/images/brogue/brogue_0060.jpeg,brogue
data/training/custom_1500/images/brogue/brogue_0061.jpeg,brogue
data/training/custom_1500/images/brogue/brogue_0062.jpeg,brogue
data/training/custom_1500/images/brogue/brogue_0063.jpeg,brogue
data/training/custom_1500/images/brogue/brogue_0064.jpeg,brogue
data/training/custom_1500/images/brogue/brogue_0065.jpeg,brogue
data/training/custom_1500/images/brogue/brogue_0066.jpeg,brogue
data/training/custom_1500/images/brogue/brogue_0067.jpeg,brogue
data/training/custom_1500/images/brogue/brogue_0068.jpeg,brogue
data/training/custom_1500/images/brogue/brogue_0069.jpeg,brogue
data/training/custom_1500/images/brogue/brogue_0070.jpeg,brogue
data/training/custom_1500/images/brogue/brogue_0071.jpeg,brogue
data/training/custom_1500/images/brogue/brogue_0072.jpeg,brogue
data/training/custom_1500/images/brogue/brogue_0073.jpeg,brogue
data/training/custom_1500/images/brogue/brogue_0074.jpeg,brogue
data/training/custom_1500/images/brogue/brogue_0075.jpeg,brogue
data/training/custom_1500/images/brogue/brogue_0076.jpeg,brogue
data/training/custom_1500/images/brogue/brogue_0077.jpeg,brogue
data/training/custom_1500/images/brogue/brogue_0078.jpeg,brogue
data/training/custom_1500/images/brogue/brogue_0079.jpeg,brogue
data/training/custom_1500/images/brogue/brogue_0080.jpeg,brogue
data/training/custom_1500/images/brogue/brogue_0081.jpeg,brogue
data/training/custom_1500/images/brogue/brogue_0082.jpeg,brogue
data/training/custom_1500/images/brogue/brogue_0083.jpeg,brogue
data/training/custom_1500/images/brogue/brogue_0084.jpeg,brogue
data/training/custom_1500/images/brogue/brogue_0085.jpeg,brogue
data/training/custom_1500/images/brogue/brogue_0086.jpeg,brogue
data/training/custom_1500/images/brogue/brogue_0087.jpeg,brogue
data/training/custom_1500/images/brogue/brogue_0088.jpeg,brogue
data/training/custom_1500/images/brogue/brogue_0089.jpeg,brogue
data/training/custom_1500/images/brogue/brogue_0090.jpeg,brogue
data/training/custom_1500/images/brogue/brogue_0091.jpeg,brogue
data/training/custom_1500/images/brogue/brogue_0092.jpeg,brogue
data/training/custom_1500/images/brogue/brogue_0093.jpeg,brogue
data/training/custom_1500/images/brogue/brogue_0094.jpeg,brogue
data/training/custom_1500/images/brogue/brogue_0095.jpeg,brogue
data/training/custom_1500/images/brogue/brogue_0096.jpeg,brogue
data/training/custom_1500/images/brogue/brogue_0097.jpeg,brogue
data/training/custom_1500/images/brogue/brogue_0098.jpeg,brogue
data/training/custom_1500/images/brogue/brogue_0099.jpeg,brogue
data/training/custom_1500/images/brogue/brogue_0100.jpeg,brogue
data/training/custom_1500/images/brogue/brogue_0101.jpeg,brogue
data/training/custom_1500/images/brogue/brogue_0102.jpeg,brogue
data/training/custom_1500/images/brogue/brogue_0103.jpeg,brogue
data/training/custom_1500/images/brogue/brogue_0104.jpeg,brogue
data/training/custom_1500/images/brogue/brogue_0105.jpeg,brogue
data/training/custom_1500/images/brogue/brogue_0106.jpeg,brogue
data/training/custom_1500/images/brogue/brogue_0107.jpeg,brogue
data/training/custom_1500/images/brogue/brogue_0108.jpeg,brogue
data/training/custom_1500/images/brogue/brogue_0109.jpeg,brogue
data/training/custom_1500/images/brogue/brogue_0110.jpeg,brogue
data/training/custom_1500/images/brogue/brogue_0111.jpeg,brogue
data/training/custom_1500/images/brogue/brogue_0112.jpeg,brogue
data/training/custom_1500/images/brogue/brogue_0113.jpeg,brogue
data/training/custom_1500/images/brogue/brogue_0114.jpeg,brogue
data/training/custom_1500/images/brogue/brogue_0115.jpeg,brogue
data/training/custom_1500/images/brogue/brogue_0116.jpeg,brogue
data/training/custom_1500/images/brogue/brogue_0117.jpeg,brogue
data/training/custom_1500/images/brogue/brogue_0118.jpeg,brogue
data/training/custom_1500/images/brogue/brogue_0119.jpeg,brogue
data/training/custom_1500/images/brogue/brogue_0120.jpeg,brogue
data/training/custom_1500/images/brogue/brogue_0121.jpeg,brogue
data/training/custom_1500/images/brogue/brogue_0122.jpeg,brogue
data/training/custom_1500/images/brogue/brogue_0123.jpeg,brogue
data/training/custom_1500/images/brogue/brogue_0124.jpeg,brogue
data/training/custom_1500/images/brogue/brogue_0125.jpeg,brogue
data/training/custom_1500/images/brogue/brogue_0126.jpeg,brogue
data/training/custom_1500/images/brogue/brogue_0127.jpeg,brogue
data/training/custom_1500/images/brogue/brogue_0128.jpeg,brogue
data/training/custom_1500/images/brogue/brogue_0129.jpeg,brogue
data/training/custom_1500/images/brogue/brogue_0130.jpeg,brogue
data/training/custom_1500/images/brogue/brogue_0131.jpeg,brogue
data/training/custom_1500/images/brogue/brogue_0132.jpeg,brogue
data/training/custom_1500/images/brogue/brogue_0133.jpeg,brogue
data/training/custom_1500/images/brogue/brogue_0134.jpeg,brogue
data/training/custom_1500/images/brogue/brogue_0135.jpeg,brogue
data/training/custom_1500/images/brogue/brogue_0136.jpeg,brogue
data/training/custom_1500/images/brogue/brogue_0137.jpeg,brogue
data/training/custom_1500/images/brogue/brogue_0138.jpeg,brogue
data/training/custom_1500/images/brogue/brogue_0139.jpeg,brogue
data/training/custom_1500/images/brogue/brogue_0140.jpeg,brogue
data/training/custom_1500/images/brogue/brogue_0141.jpeg,brogue
data/training/custom_1500/images/brogue/brogue_0142.jpeg,brogue
data/training/custom_1500/images/brogue/brogue_0143.jpeg,brogue
data/training/custom_1500/images/brogue/brogue_0144.jpeg,brogue
data/training/custom_1500/images/brogue/brogue_0145.jpeg,brogue
data/training/custom_1500/images/brogue/brogue_0146.jpeg,brogue
data/training/custom_1500/images/brogue/brogue_0147.jpeg,brogue
data/training/custom_1500/images/brogue/brogue_0148.jpeg,brogue
data/training/custom_1500/images/brogue/brogue_0149.jpeg,brogue
data/training/custom_1500/images/brogue/brogue_0150.jpeg,brogue
data/training/custom_1500/images/brogue/brogue_0151.jpeg,brogue
data/training/custom_1500/images/brogue/brogue_0152.jpeg,brogue
data/training/custom_1500/images/brogue/brogue_0153.jpeg,brogue
data/training/custom_1500/images/brogue/brogue_0154.jpeg,brogue
data/training/custom_1500/images/brogue/brogue_0155.jpeg,brogue
data/training/custom_1500/images/brogue/brogue_0156.jpeg,brogue
data/training/custom_1500/images/brogue/brogue_0157.jpeg,brogue
data/training/custom_1500/images/brogue/brogue_0158.jpeg,brogue
data/training/custom_1500/images/brogue/brogue_0159.jpeg,brogue
data/training/custom_1500/images/brogue/brogue_0160.jpeg,brogue
data/training/custom_1500/images/brogue/brogue_0161.jpeg,brogue
data/training/custom_1500/images/brogue/brogue_0162.jpeg,brogue
data/training/custom_1500/images/brogue/brogue_0163.jpeg,brogue
data/training/custom_1500/images/brogue/brogue_0164.jpeg,brogue
data/training/custom_1500/images/brogue/brogue_0165.jpeg,brogue
data/training/custom_1500/images/brogue/brogue_0166.jpeg,brogue
data/training/custom_1500/images/brogue/brogue_0167.jpeg,brogue
data/training/custom_1500/images/brogue/brogue_0168.jpeg,brogue
data/training/custom_1500/images/brogue/brogue_0169.jpeg,brogue
data/training/custom_1500/images/brogue/brogue_0170.jpeg,brogue
data/training/custom_1500/images/brogue/brogue_0171.jpeg,brogue
data/training/custom_1500/images/brogue/brogue_0172.jpeg,brogue
data/training/custom_1500/images/brogue/brogue_0173.jpeg,brogue
data/training/custom_1500/images/brogue/brogue_0174.jpeg,brogue
data/training/custom_1500/images/brogue/brogue_0175.jpeg,brogue
data/training/custom_1500/images/brogue/brogue_0176.jpeg,brogue
data/training/custom_1500/images/brogue/brogue_0177.jpeg,brogue
data/training/custom_1500/images/brogue/brogue_0178.jpeg,brogue
data/training/custom_1500/images/brogue/brogue_0179.jpeg,brogue
data/training/custom_1500/images/brogue/brogue_0180.jpeg,brogue
data/training/custom_1500/images/brogue/brogue_0181.jpeg,brogue
data/training/custom_1500/images/brogue/brogue_0182.jpeg,brogue
data/training/custom_1500/images/brogue/brogue_0183.jpeg,brogue
data/training/custom_1500/images/brogue/brogue_0184.jpeg,brogue
data/training/custom_1500/images/brogue/brogue_0185.jpeg,brogue
data/training/custom_1500/images/brogue/brogue_0186.jpeg,brogue
data/training/custom_1500/images/brogue/brogue_0187.jpeg,brogue
data/training/custom_1500/images/brogue/brogue_0188.jpeg,brogue
data/training/custom_1500/images/brogue/brogue_0189.jpeg,brogue
data/training/custom_1500/images/brogue/brogue_0190.jpeg,brogue
data/training/custom_1500/images/brogue/brogue_0191.jpeg,brogue
data/training/custom_1500/images/brogue/brogue_0192.jpeg,brogue
data/training/custom_1500/images/brogue/brogue_0193.jpeg,brogue
data/training/custom_1500/images/brogue/brogue_0194.jpeg,brogue
data/training/custom_1500/images/brogue/brogue_0195.jpeg,brogue
data/training/custom_1500/images/brogue/brogue_0196.jpeg,brogue
data/training/custom_1500/images/brogue/brogue_0197.jpeg,brogue
data/training/custom_1500/images/brogue/brogue_0198.jpeg,brogue
data/training/custom_1500/images/brogue/brogue_0199.jpeg,brogue
data/training/custom_1500/images/brogue/brogue_0200.jpeg,brogue
data/training/custom_1500/images/brogue/brogue_0201.jpeg,brogue
data/training/custom_1500/images/brogue/brogue_0202.jpeg,brogue
data/training/custom_1500/images/brogue/brogue_0203.jpeg,brogue
data/training/custom_1500/images/brogue/brogue_0204.jpeg,brogue
data/training/custom_1500/images/brogue/brogue_0205.jpeg,brogue
data/training/custom_1500/images/brogue/brogue_0206.jpeg,brogue
data/training/custom_1500/images/brogue/brogue_0207.jpeg,brogue
data/training/custom_1500/images/brogue/brogue_0208.jpeg,brogue
data/training/custom_1500/images/brogue/brogue_0209.jpeg,brogue
data/training/custom_1500/images/brogue/brogue_0210.jpeg,brogue
data/training/custom_1500/images/brogue/brogue_0211.jpeg,brogue
data/training/custom_1500/images/brogue/brogue_0212.jpeg,brogue
data/training/custom_1500/images/brogue/brogue_0213.jpeg,brogue
data/training/custom_1500/images/brogue/brogue_0214.jpeg,brogue
data/training/custom_1500/images/brogue/brogue_0215.jpeg,brogue
data/training/custom_1500/images/brogue/brogue_0216.jpeg,brogue
data/training/custom_1500/images/brogue/brogue_0217.jpeg,brogue
data/training/custom_1500/images/brogue/brogue_0218.jpeg,brogue
data/training/custom_1500/images/brogue/brogue_0219.jpeg,brogue
data/training/custom_1500/images/brogue/brogue_0220.jpeg,brogue
data/training/custom_1500/images/brogue/brogue_0221.jpeg,brogue
data/training/custom_1500/images/brogue/brogue_0222.jpeg,brogue
data/training/custom_1500/images/brogue/brogue_0223.jpeg,brogue
data/training/custom_1500/images/brogue/brogue_0224.jpeg,brogue
data/training/custom_1500/images/brogue/brogue_0225.jpeg,brogue
data/training/custom_1500/images/brogue/brogue_0226.jpeg,brogue
data/training/custom_1500/images/brogue/brogue_0227.jpeg,brogue
data/training/custom_1500/images/brogue/brogue_0228.jpeg,brogue
data/training/custom_1500/images/brogue/brogue_0229.jpeg,brogue
data/training/custom_1500/images/brogue/brogue_0230.jpeg,brogue
data/training/custom_1500/images/brogue/brogue_0231.jpeg,brogue
data/training/custom_1500/images/brogue/brogue_0232.jpeg,brogue
data/training/custom_1500/images/brogue/brogue_0233.jpeg,brogue
data/training/custom_1500/images/brogue/brogue_0234.jpeg,brogue
data/training/custom_1500/images/brogue/brogue_0235.jpeg,brogue
data/training/custom_1500/images/brogue/brogue_0236.jpeg,brogue
data/training/custom_1500/images/brogue/brogue_0237.jpeg,brogue
data/training/custom_1500/images/brogue/brogue_0238.jpeg,brogue
data/training/custom_1500/images/brogue/brogue_0239.jpeg,brogue
data/training/custom_1500/images/brogue/brogue_0240.jpeg,brogue
data/training/custom_1500/images/brogue/brogue_0241.jpeg,brogue
data/training/custom_1500/images/brogue/brogue_0242.jpeg,brogue
data/training/custom_1500/images/brogue/brogue_0243.jpeg,brogue
data/training/custom_1500/images/brogue/brogue_0244.jpeg,brogue
data/training/custom_1500/images/brogue/brogue_0245.jpeg,brogue
data/training/custom_1500/images/brogue/brogue_0246.jpeg,brogue
data/training/custom_1500/images/brogue/brogue_0247.jpeg,brogue
data/training/custom_1500/images/brogue/brogue_0248.jpeg,brogue
data/training/custom_1500/images/brogue/brogue_0249.jpeg,brogue
data/training/custom_1500/images/brogue/brogue_0250.jpeg,brogue
data/training/custom_1500/images/brogue/brogue_0251.jpeg,brogue
data/training/custom_1500/images/brogue/brogue_0252.jpeg,brogue
data/training/custom_1500/images/brogue/brogue_0253.jpeg,brogue
data/training/custom_1500/images/brogue/brogue_0254.jpeg,brogue
data/training/custom_1500/images/brogue/brogue_0255.jpeg,brogue
data/training/custom_1500/images/brogue/brogue_0256.jpeg,brogue
data/training/custom_1500/images/brogue/brogue_0257.jpeg,brogue
data/training/custom_1500/images/brogue/brogue_0258.jpeg,brogue
data/training/custom_1500/images/brogue/brogue_0259.jpeg,brogue
data/training/custom_1500/images/brogue/brogue_0260.jpeg,brogue
data/training/custom_1500/images/brogue/brogue_0261.jpeg,brogue
data/training/custom_1500/images/brogue/brogue_0262.jpeg,brogue
data/training/custom_1500/images/brogue/brogue_0263.jpeg,brogue
data/training/custom_1500/images/brogue/brogue_0264.jpeg,brogue
data/training/custom_1500/images/brogue/brogue_0265.jpeg,brogue
data/training/custom_1500/images/brogue/brogue_0266.jpeg,brogue
data/training/custom_1500/images/brogue/brogue_0267.jpeg,brogue
data/training/custom_1500/images/brogue/brogue_0268.jpeg,brogue
data/training/custom_1500/images/brogue/brogue_0269.jpeg,brogue
data/training/custom_1500/images/brogue/brogue_0270.jpeg,brogue
data/training/custom_1500/images/brogue/brogue_0271.jpeg,brogue
data/training/custom_1500/images/brogue/brogue_0272.jpeg,brogue
data/training/custom_1500/images/brogue/brogue_0273.jpeg,brogue
data/training/custom_1500/images/brogue/brogue_0274.jpeg,brogue
data/training/custom_1500/images/brogue/brogue_0275.jpeg,brogue
data/training/custom_1500/images/brogue/brogue_0276.jpeg,brogue
data/training/custom_1500/images/brogue/brogue_0277.jpeg,brogue
data/training/custom_1500/images/brogue/brogue_0278.jpeg,brogue
data/training/custom_1500/images/brogue/brogue_0279.jpeg,brogue
data/training/custom_1500/images/brogue/brogue_0280.jpeg,brogue
data/training/custom_1500/images/brogue/brogue_0281.jpeg,brogue
data/training/custom_1500/images/brogue/brogue_0282.jpeg,brogue
data/training/custom_1500/images/brogue/brogue_0283.jpeg,brogue
data/training/custom_1500/images/brogue/brogue_0284.jpeg,brogue
data/training/custom_1500/images/brogue/brogue_0285.jpeg,brogue
data/training/custom_1500/images/brogue/brogue_0286.jpeg,brogue
data/training/custom_1500/images/brogue/brogue_0287.jpeg,brogue
data/training/custom_1500/images/brogue/brogue_0288.jpeg,brogue
data/training/custom_1500/images/brogue/brogue_0289.jpeg,brogue
data/training/custom_1500/images/brogue/brogue_0290.jpeg,brogue
data/training/custom_1500/images/brogue/brogue_0291.jpeg,brogue
data/training/custom_1500/images/brogue/brogue_0292.jpeg,brogue
data/training/custom_1500/images/brogue/brogue_0293.jpeg,brogue
data/training/custom_1500/images/brogue/brogue_0294.jpeg,brogue
data/training/custom_1500/images/brogue/brogue_0295.jpeg,brogue
data/training/custom_1500/images/brogue/brogue_0296.jpeg,brogue
data/training/custom_1500/images/brogue/brogue_0297.jpeg,brogue
data/training/custom_1500/images/brogue/brogue_0298.jpeg,brogue
data/training/custom_1500/images/brogue/brogue_0299.jpeg,brogue
data/training/custom_1500/images/brogue/brogue_0300.jpeg,brogue
data/training/custom_1500/images/brogue/brogue_0301.jpeg,brogue
data/training/custom_1500/images/brogue/brogue_0302.jpeg,brogue
data/training/custom_1500/images/brogue/brogue_0303.jpeg,brogue
data/training/custom_1500/images/brogue/brogue_0304.jpeg,brogue
data/training/custom_1500/images/brogue/brogue_0305.jpeg,brogue
data/training/custom_1500/images/brogue/brogue_0306.jpeg,brogue
data/training/custom_1500/images/brogue/brogue_0307.jpeg,brogue
data/training/custom_1500/images/brogue/brogue_0308.jpeg,brogue
data/training/custom_1500/images/brogue/brogue_0309.jpeg,brogue
data/training/custom_1500/images/brogue/brogue_0310.jpeg,brogue
data/training/custom_1500/images/brogue/brogue_0311.jpeg,brogue
data/training/custom_1500/images/brogue/brogue_0312.jpeg,brogue
data/training/custom_1500/images/brogue/brogue_0313.jpeg,brogue
data/training/custom_1500/images/brogue/brogue_0314.jpeg,brogue
data/training/custom_1500/images/brogue/brogue_0315.jpeg,brogue
data/training/custom_1500/images/brogue/brogue_0316.jpeg,brogue
data/training/custom_1500/images/brogue/brogue_0317.jpeg,brogue
data/training/custom_1500/images/brogue/brogue_0318.jpeg,brogue
data/training/custom_1500/images/brogue/brogue_0319.jpeg,brogue
data/training/custom_1500/images/brogue/brogue_0320.jpeg,brogue
data/training/custom_1500/images/brogue/brogue_0321.jpeg,brogue
data/training/custom_1500/images/brogue/brogue_0322.jpeg,brogue
data/training/custom_1500/images/brogue/brogue_0323.jpeg,brogue
data/training/custom_1500/images/brogue/brogue_0324.jpeg,brogue
data/training/custom_1500/images/brogue/brogue_0325.jpeg,brogue
data/training/custom_1500/images/brogue/brogue_0326.jpeg,brogue
data/training/custom_1500/images/brogue/brogue_0327.jpeg,brogue
data/training/custom_1500/images/brogue/brogue_0328.jpeg,brogue
data/training/custom_1500/images/brogue/brogue_0329.jpeg,brogue
data/training/custom_1500/images/brogue/brogue_0330.jpeg,brogue
data/training/custom_1500/images/brogue/brogue_0331.jpeg,brogue
data/training/custom_1500/images/brogue/brogue_0332.jpeg,brogue
data/training/custom_1500/images/brogue/brogue_0333.jpeg,brogue
data/training/custom_1500/images/brogue/brogue_0334.jpeg,brogue
data/training/custom_1500/images/brogue/brogue_0335.jpeg,brogue
data/training/custom_1500/images/brogue/brogue_0336.jpeg,brogue
data/training/custom_1500/images/brogue/brogue_0337.jpeg,brogue
data/training/custom_1500/images/brogue/brogue_0338.jpeg,brogue
data/training/custom_1500/images/brogue/brogue_0339.jpeg,brogue
data/training/custom_1500/images/brogue/brogue_0340.jpeg,brogue
data/training/custom_1500/images/brogue/brogue_0341.jpeg,brogue
data/training/custom_1500/images/brogue/brogue_0342.jpeg,brogue
data/training/custom_1500/images/brogue/brogue_0343.jpeg,brogue
data/training/custom_1500/images/brogue/brogue_0344.jpeg,brogue
data/training/custom_1500/images/brogue/brogue_0345.jpeg,brogue
data/training/custom_1500/images/brogue/brogue_0346.jpeg,brogue
data/training/custom_1500/images/brogue/brogue_0347.jpeg,brogue
data/training/custom_1500/images/brogue/brogue_0348.jpeg,brogue
data/training/custom_1500/images/brogue/brogue_0349.jpeg,brogue
data/training/custom_1500/images/brogue/brogue_0350.jpeg,brogue
data/training/custom_1500/images/brogue/brogue_0351.jpeg,brogue
data/training/custom_1500/images/brogue/brogue_0352.jpeg,brogue
data/training/custom_1500/images/brogue/brogue_0353.jpeg,brogue
data/training/custom_1500/images/brogue/brogue_0354.jpeg,brogue
data/training/custom_1500/images/brogue/brogue_0355.jpeg,brogue
data/training/custom_1500/images/brogue/brogue_0356.jpeg,brogue
data/training/custom_1500/images/brogue/brogue_0357.jpeg,brogue
data/training/custom_1500/images/brogue/brogue_0358.jpeg,brogue
data/training/custom_1500/images/brogue/brogue_0359.jpeg,brogue
data/training/custom_1500/images/brogue/brogue_0360.jpeg,brogue
data/training/custom_1500/images/brogue/brogue_0361.jpeg,brogue
data/training/custom_1500/images/brogue/brogue_0362.jpeg,brogue
data/training/custom_1500/images/brogue/brogue_0363.jpeg,brogue
data/training/custom_1500/images/brogue/brogue_0364.jpeg,brogue
data/training/custom_1500/images/brogue/brogue_0365.jpeg,brogue
data/training/custom_1500/images/brogue/brogue_0366.jpeg,brogue
data/training/custom_1500/images/brogue/brogue_0367.jpeg,brogue
data/training/custom_1500/images/brogue/brogue_0368.jpeg,brogue
data/training/custom_1500/images/brogue/brogue_0369.jpeg,brogue
data/training/custom_1500/images/brogue/brogue_0370.jpeg,brogue
data/training/custom_1500/images/brogue/brogue_0371.jpeg,brogue
data/training/custom_1500/images/brogue/brogue_0372.jpeg,brogue
data/training/custom_1500/images/brogue/brogue_0373.jpeg,brogue
data/training/custom_1500/images/brogue/brogue_0374.jpeg,brogue
data/training/custom_1500/images/brogue/brogue_0375.jpeg,brogue
data/training/custom_1500/images/brogue/brogue_0376.jpeg,brogue
data/training/custom_1500/images/brogue/brogue_0377.jpeg,brogue
data/training/custom_1500/images/brogue/brogue_0378.jpeg,brogue
data/training/custom_1500/images/brogue/brogue_0379.jpeg,brogue
data/training/custom_1500/images/brogue/brogue_0380.jpeg,brogue
data/training/custom_1500/images/brogue/brogue_0381.jpeg,brogue
data/training/custom_1500/images/brogue/brogue_0382.jpeg,brogue
data/training/custom_1500/images/brogue/brogue_0383.jpeg,brogue
data/training/custom_1500/images/brogue/brogue_0384.jpeg,brogue
data/training/custom_1500/images/brogue/brogue_0385.jpeg,brogue
data/training/custom_1500/images/brogue/brogue_0386.jpeg,brogue
data/training/custom_1500/images/brogue/brogue_0387.jpeg,brogue
data/training/custom_1500/images/brogue/brogue_0388.jpeg,brogue
data/training/custom_1500/images/brogue/brogue_0389.jpeg,brogue
data/training/custom_1500/images/brogue/brogue_0390.jpeg,brogue
data/training/custom_1500/images/brogue/brogue_0391.jpeg,brogue
data/training/custom_1500/images/brogue/brogue_0392.jpeg,brogue
data/training/custom_1500/images/brogue/brogue_0393.jpeg,brogue
data/training/custom_1500/images/brogue/brogue_0394.jpeg,brogue
data/training/custom_1500/images/brogue/brogue_0395.jpeg,brogue
data/training/custom_1500/images/brogue/brogue_0396.jpeg,brogue
data/training/custom_1500/images/brogue/brogue_0397.jpeg,brogue
data/training/custom_1500/images/brogue/brogue_0398.jpeg,brogue
data/training/custom_1500/images/brogue/brogue_0399.jpeg,brogue
data/training/custom_1500/images/brogue/brogue_0400.jpeg,brogue
data/training/custom_1500/images/brogue/brogue_0401.jpeg,brogue
data/training/custom_1500/images/brogue/brogue_0402.jpeg,brogue
data/training/custom_1500/images/brogue/brogue_0403.jpeg,brogue
data/training/custom_1500/images/brogue/brogue_0404.jpeg,brogue
data/training/custom_1500/images/brogue/brogue_0405.jpeg,brogue
data/training/custom_1500/images/brogue/brogue_0406.jpeg,brogue
data/training/custom_1500/images/brogue/brogue_0407.jpeg,brogue
data/training/custom_1500/images/brogue/brogue_0408.jpeg,brogue
data/training/custom_1500/images/brogue/brogue_0409.jpeg,brogue
data/training/custom_1500/images/brogue/brogue_0410.jpeg,brogue
data/training/custom_1500/images/brogue/brogue_0411.jpeg,brogue
data/training/custom_1500/images/brogue/brogue_0412.jpeg,brogue
data/training/custom_1500/images/brogue/brogue_0413.jpeg,brogue
data/training/custom_1500/images/brogue/brogue_0414.jpeg,brogue
data/training/custom_1500/images/brogue/brogue_0415.jpeg,brogue
data/training/custom_1500/images/brogue/brogue_0416.jpeg,brogue
data/training/custom_1500/images/brogue/brogue_0417.jpeg,brogue
data/training/custom_1500/images/brogue/brogue_0418.jpeg,brogue
data/training/custom_1500/images/brogue/brogue_0419.jpeg,brogue
data/training/custom_1500/images/brogue/brogue_0420.jpeg,brogue
data/training/custom_1500/images/brogue/brogue_0421.jpeg,brogue
data/training/custom_1500/images/brogue/brogue_0422.jpeg,brogue
data/training/custom_1500/images/brogue/brogue_0423.jpeg,brogue
data/training/custom_1500/images/brogue/brogue_0424.jpeg,brogue
data/training/custom_1500/images/brogue/brogue_0425.jpeg,brogue
data/training/custom_1500/images/brogue/brogue_0426.jpeg,brogue
data/training/custom_1500/images/brogue/brogue_0427.jpeg,brogue
data/training/custom_1500/images/brogue/brogue_0428.jpeg,brogue
data/training/custom_1500/images/brogue/brogue_0429.jpeg,brogue
data/training/custom_1500/images/brogue/brogue_0430.jpeg,brogue
data/training/custom_1500/images/brogue/brogue_0431.jpeg,brogue
data/training/custom_1500/images/brogue/brogue_0432.jpeg,brogue
data/training/custom_1500/images/brogue/brogue_0433.jpeg,brogue
data/training/custom_1500/images/brogue/brogue_0434.jpeg,brogue
data/training/custom_1500/images/brogue/brogue_0435.jpeg,brogue
data/training/custom_1500/images/brogue/brogue_0436.jpeg,brogue
data/training/custom_1500/images/brogue/brogue_0437.jpeg,brogue
data/training/custom_1500/images/brogue/brogue_0438.jpeg,brogue
data/training/custom_1500/images/brogue/brogue_0439.jpeg,brogue
data/training/custom_1500/images/brogue/brogue_0440.jpeg,brogue
data/training/custom_1500/images/brogue/brogue_0441.jpeg,brogue
data/training/custom_1500/images/brogue/brogue_0442.jpeg,brogue
data/training/custom_1500/images/brogue/brogue_0443.jpeg,brogue
data/training/custom_1500/images/brogue/brogue_0444.jpeg,brogue
data/training/custom_1500/images/brogue/brogue_0445.jpeg,brogue
data/training/custom_1500/images/brogue/brogue_0446.jpeg,brogue
data/training/custom_1500/images/brogue/brogue_0447.jpeg,brogue
data/training/custom_1500/images/brogue/brogue_0448.jpeg,brogue
data/training/custom_1500/images/brogue/brogue_0449.jpeg,brogue
data/training/custom_1500/images/brogue/brogue_0450.jpeg,brogue
data/training/custom_1500/images/brogue/brogue_0451.jpeg,brogue
data/training/custom_1500/images/brogue/brogue_0452.jpeg,brogue
data/training/custom_1500/images/brogue/brogue_0453.jpeg,brogue
data/training/custom_1500/images/brogue/brogue_0454.jpeg,brogue
data/training/custom_1500/images/brogue/brogue_0455.jpeg,brogue
data/training/custom_1500/images/brogue/brogue_0456.jpeg,brogue
data/training/custom_1500/images/brogue/brogue_0457.jpeg,brogue
data/training/custom_1500/images/brogue/brogue_0458.jpeg,brogue
data/training/custom_1500/images/brogue/brogue_0459.jpeg,brogue
data/training/custom_1500/images/brogue/brogue_0460.jpeg,brogue
data/training/custom_1500/images/brogue/brogue_0461.jpeg,brogue
data/training/custom_1500/images/brogue/brogue_0462.jpeg,brogue
data/training/custom_1500/images/brogue/brogue_0463.jpeg,brogue
data/training/custom_1500/images/brogue/brogue_0464.jpeg,brogue
data/training/custom_1500/images/brogue/brogue_0465.jpeg,brogue
data/training/custom_1500/images/brogue/brogue_0466.jpeg,brogue
data/training/custom_1500/images/brogue/brogue_0467.jpeg,brogue
data/training/custom_1500/images/brogue/brogue_0468.jpeg,brogue
data/training/custom_1500/images/brogue/brogue_0469.jpeg,brogue
data/training/custom_1500/images/brogue/brogue_0470.jpeg,brogue
data/training/custom_1500/images/brogue/brogue_0471.jpeg,brogue
data/training/custom_1500/images/brogue/brogue_0472.jpeg,brogue
data/training/custom_1500/images/brogue/brogue_0473.jpeg,brogue
data/training/custom_1500/images/brogue/brogue_0474.jpeg,brogue
data/training/custom_1500/images/brogue/brogue_0475.jpeg,brogue
data/training/custom_1500/images/brogue/brogue_0476.jpeg,brogue
data/training/custom_1500/images/brogue/brogue_0477.jpeg,brogue
data/training/custom_1500/images/brogue/brogue_0478.jpeg,brogue
data/training/custom_1500/images/brogue/brogue_0479.jpeg,brogue
data/training/custom_1500/images/brogue/brogue_0480.jpeg,brogue
data/training/custom_1500/images/brogue/brogue_0481.jpeg,brogue
data/training/custom_1500/images/brogue/brogue_0482.jpeg,brogue
data/training/custom_1500/images/brogue/brogue_0483.jpeg,brogue
data/training/custom_1500/images/brogue/brogue_0484.jpeg,brogue
data/training/custom_1500/images/brogue/brogue_0485.jpeg,brogue
data/training/custom_1500/images/brogue/brogue_0486.jpeg,brogue
data/training/custom_1500/images/brogue/brogue_0487.jpeg,brogue
data/training/custom_1500/images/brogue/brogue_0488.jpeg,brogue
data/training/custom_1500/images/brogue/brogue_0489.jpeg,brogue
data/training/custom_1500/images/brogue/brogue_0490.jpeg,brogue
data/training/custom_1500/images/brogue/brogue_0491.jpeg,brogue
data/training/custom_1500/images/brogue/brogue_0492.jpeg,brogue
data/training/custom_1500/images/brogue/brogue_0493.jpeg,brogue
data/training/custom_1500/images/brogue/brogue_0494.jpeg,brogue
data/training/custom_1500/images/brogue/brogue_0495.jpeg,brogue
data/training/custom_1500/images/brogue/brogue_0496.jpeg,brogue
data/training/custom_1500/images/brogue/brogue_0497.jpeg,brogue
data/training/custom_1500/images/brogue/brogue_0498.jpeg,brogue
data/training/custom_1500/images/brogue/brogue_0499.jpeg,brogue
data/training/custom_1500/images/brogue/brogue_0500.jpeg,brogue
data/training/custom_1500/images/sneaker/sneaker_0001.jpeg,sneaker
data/training/custom_1500/images/sneaker/sneaker_0002.png,sneaker
data/training/custom_1500/images/sneaker/sneaker_0003.jpeg,sneaker
data/training/custom_1500/images/sneaker/sneaker_0004.jpeg,sneaker
data/training/custom_1500/images/sneaker/sneaker_0005.jpeg,sneaker
data/training/custom_1500/images/sneaker/sneaker_0006.jpeg,sneaker
data/training/custom_1500/images/sneaker/sneaker_0007.jpeg,sneaker
data/training/custom_1500/images/sneaker/sneaker_0008.jpeg,sneaker
data/training/custom_1500/images/sneaker/sneaker_0009.jpeg,sneaker
data/training/custom_1500/images/sneaker/sneaker_0010.jpeg,sneaker
data/training/custom_1500/images/sneaker/sneaker_0011.jpeg,sneaker
data/training/custom_1500/images/sneaker/sneaker_0012.jpeg,sneaker
data/training/custom_1500/images/sneaker/sneaker_0013.jpeg,sneaker
data/training/custom_1500/images/sneaker/sneaker_0014.jpeg,sneaker
data/training/custom_1500/images/sneaker/sneaker_0015.jpeg,sneaker
data/training/custom_1500/images/sneaker/sneaker_0016.jpeg,sneaker
data/training/custom_1500/images/sneaker/sneaker_0017.jpeg,sneaker
data/training/custom_1500/images/sneaker/sneaker_0018.jpeg,sneaker
data/training/custom_1500/images/sneaker/sneaker_0019.jpeg,sneaker
data/training/custom_1500/images/sneaker/sneaker_0020.jpeg,sneaker
data/training/custom_1500/images/sneaker/sneaker_0021.jpeg,sneaker
data/training/custom_1500/images/sneaker/sneaker_0022.jpeg,sneaker
data/training/custom_1500/images/sneaker/sneaker_0023.jpeg,sneaker
data/training/custom_1500/images/sneaker/sneaker_0024.jpeg,sneaker
data/training/custom_1500/images/sneaker/sneaker_0025.jpeg,sneaker
data/training/custom_1500/images/sneaker/sneaker_0026.jpeg,sneaker
data/training/custom_1500/images/sneaker/sneaker_0027.jpeg,sneaker
data/training/custom_1500/images/sneaker/sneaker_0028.jpeg,sneaker
data/training/custom_1500/images/sneaker/sneaker_0029.jpeg,sneaker
data/training/custom_1500/images/sneaker/sneaker_0030.jpeg,sneaker
data/training/custom_1500/images/sneaker/sneaker_0031.jpeg,sneaker
data/training/custom_1500/images/sneaker/sneaker_0032.jpeg,sneaker
data/training/custom_1500/images/sneaker/sneaker_0033.jpeg,sneaker
data/training/custom_1500/images/sneaker/sneaker_0034.jpeg,sneaker
data/training/custom_1500/images/sneaker/sneaker_0035.jpeg,sneaker
data/training/custom_1500/images/sneaker/sneaker_0036.jpeg,sneaker
data/training/custom_1500/images/sneaker/sneaker_0037.jpeg,sneaker
data/training/custom_1500/images/sneaker/sneaker_0038.jpeg,sneaker
data/training/custom_1500/images/sneaker/sneaker_0039.jpeg,sneaker
data/training/custom_1500/images/sneaker/sneaker_0040.jpeg,sneaker
data/training/custom_1500/images/sneaker/sneaker_0041.jpeg,sneaker
data/training/custom_1500/images/sneaker/sneaker_0042.jpeg,sneaker
data/training/custom_1500/images/sneaker/sneaker_0043.jpeg,sneaker
data/training/custom_1500/images/sneaker/sneaker_0044.jpeg,sneaker
data/training/custom_1500/images/sneaker/sneaker_0045.jpeg,sneaker
data/training/custom_1500/images/sneaker/sneaker_0046.jpeg,sneaker
data/training/custom_1500/images/sneaker/sneaker_0047.jpeg,sneaker
data/training/custom_1500/images/sneaker/sneaker_0048.jpeg,sneaker
data/training/custom_1500/images/sneaker/sneaker_0049.jpeg,sneaker
data/training/custom_1500/images/sneaker/sneaker_0050.jpeg,sneaker
data/training/custom_1500/images/sneaker/sneaker_0051.jpeg,sneaker
data/training/custom_1500/images/sneaker/sneaker_0052.jpeg,sneaker
data/training/custom_1500/images/sneaker/sneaker_0053.jpeg,sneaker
data/training/custom_1500/images/sneaker/sneaker_0054.jpeg,sneaker
data/training/custom_1500/images/sneaker/sneaker_0055.jpeg,sneaker
data/training/custom_1500/images/sneaker/sneaker_0056.jpeg,sneaker
data/training/custom_1500/images/sneaker/sneaker_0057.jpeg,sneaker
data/training/custom_1500/images/sneaker/sneaker_0058.jpeg,sneaker
data/training/custom_1500/images/sneaker/sneaker_0059.jpeg,sneaker
data/training/custom_1500/images/sneaker/sneaker_0060.jpeg,sneaker
data/training/custom_1500/images/sneaker/sneaker_0061.jpeg,sneaker
data/training/custom_1500/images/sneaker/sneaker_0062.jpeg,sneaker
data/training/custom_1500/images/sneaker/sneaker_0063.jpeg,sneaker
data/training/custom_1500/images/sneaker/sneaker_0064.jpeg,sneaker
data/training/custom_1500/images/sneaker/sneaker_0065.jpeg,sneaker
data/training/custom_1500/images/sneaker/sneaker_0066.jpeg,sneaker
data/training/custom_1500/images/sneaker/sneaker_0067.jpeg,sneaker
data/training/custom_1500/images/sneaker/sneaker_0068.jpeg,sneaker
data/training/custom_1500/images/sneaker/sneaker_0069.jpeg,sneaker
data/training/custom_1500/images/sneaker/sneaker_0070.jpeg,sneaker
data/training/custom_1500/images/sneaker/sneaker_0071.jpeg,sneaker
data/training/custom_1500/images/sneaker/sneaker_0072.jpeg,sneaker
data/training/custom_1500/images/sneaker/sneaker_0073.jpeg,sneaker
data/training/custom_1500/images/sneaker/sneaker_0074.jpeg,sneaker
data/training/custom_1500/images/sneaker/sneaker_0075.jpeg,sneaker
data/training/custom_1500/images/sneaker/sneaker_0076.jpeg,sneaker
data/training/custom_1500/images/sneaker/sneaker_0077.jpeg,sneaker
data/training/custom_1500/images/sneaker/sneaker_0078.jpeg,sneaker
data/training/custom_1500/images/sneaker/sneaker_0079.jpeg,sneaker
data/training/custom_1500/images/sneaker/sneaker_0080.jpeg,sneaker
data/training/custom_1500/images/sneaker/sneaker_0081.jpeg,sneaker
data/training/custom_1500/images/sneaker/sneaker_0082.jpeg,sneaker
data/training/custom_1500/images/sneaker/sneaker_0083.jpeg,sneaker
data/training/custom_1500/images/sneaker/sneaker_0084.jpeg,sneaker
data/training/custom_1500/images/sneaker/sneaker_0085.jpeg,sneaker
data/training/custom_1500/images/sneaker/sneaker_0086.jpeg,sneaker
data/training/custom_1500/images/sneaker/sneaker_0087.jpeg,sneaker
data/training/custom_1500/images/sneaker/sneaker_0088.jpeg,sneaker
data/training/custom_1500/images/sneaker/sneaker_0089.jpeg,sneaker
data/training/custom_1500/images/sneaker/sneaker_0090.jpeg,sneaker
data/training/custom_1500/images/sneaker/sneaker_0091.jpeg,sneaker
data/training/custom_1500/images/sneaker/sneaker_0092.jpeg,sneaker
data/training/custom_1500/images/sneaker/sneaker_0093.jpeg,sneaker
data/training/custom_1500/images/sneaker/sneaker_0094.jpeg,sneaker
data/training/custom_1500/images/sneaker/sneaker_0095.jpeg,sneaker
data/training/custom_1500/images/sneaker/sneaker_0096.jpeg,sneaker
data/training/custom_1500/images/sneaker/sneaker_0097.jpeg,sneaker
data/training/custom_1500/images/sneaker/sneaker_0098.jpeg,sneaker
data/training/custom_1500/images/sneaker/sneaker_0099.jpeg,sneaker
data/training/custom_1500/images/sneaker/sneaker_0100.jpeg,sneaker
data/training/custom_1500/images/sneaker/sneaker_0101.jpeg,sneaker
data/training/custom_1500/images/sneaker/sneaker_0102.jpeg,sneaker
data/training/custom_1500/images/sneaker/sneaker_0103.jpeg,sneaker
data/training/custom_1500/images/sneaker/sneaker_0104.jpeg,sneaker
data/training/custom_1500/images/sneaker/sneaker_0105.jpeg,sneaker
data/training/custom_1500/images/sneaker/sneaker_0106.jpeg,sneaker
data/training/custom_1500/images/sneaker/sneaker_0107.jpeg,sneaker
data/training/custom_1500/images/sneaker/sneaker_0108.jpeg,sneaker
data/training/custom_1500/images/sneaker/sneaker_0109.jpeg,sneaker
data/training/custom_1500/images/sneaker/sneaker_0110.jpeg,sneaker
data/training/custom_1500/images/sneaker/sneaker_0111.jpeg,sneaker
data/training/custom_1500/images/sneaker/sneaker_0112.jpeg,sneaker
data/training/custom_1500/images/sneaker/sneaker_0113.jpeg,sneaker
data/training/custom_1500/images/sneaker/sneaker_0114.png,sneaker
data/training/custom_1500/images/sneaker/sneaker_0115.jpeg,sneaker
data/training/custom_1500/images/sneaker/sneaker_0116.jpeg,sneaker
data/training/custom_1500/images/sneaker/sneaker_0117.jpeg,sneaker
data/training/custom_1500/images/sneaker/sneaker_0118.jpeg,sneaker
data/training/custom_1500/images/sneaker/sneaker_0119.jpeg,sneaker
data/training/custom_1500/images/sneaker/sneaker_0120.jpeg,sneaker
data/training/custom_1500/images/sneaker/sneaker_0121.jpeg,sneaker
data/training/custom_1500/images/sneaker/sneaker_0122.jpeg,sneaker
data/training/custom_1500/images/sneaker/sneaker_0123.jpeg,sneaker
data/training/custom_1500/images/sneaker/sneaker_0124.jpeg,sneaker
data/training/custom_1500/images/sneaker/sneaker_0125.jpeg,sneaker
data/training/custom_1500/images/sneaker/sneaker_0126.jpeg,sneaker
data/training/custom_1500/images/sneaker/sneaker_0127.jpeg,sneaker
data/training/custom_1500/images/sneaker/sneaker_0128.jpeg,sneaker
data/training/custom_1500/images/sneaker/sneaker_0129.jpeg,sneaker
data/training/custom_1500/images/sneaker/sneaker_0130.jpeg,sneaker
data/training/custom_1500/images/sneaker/sneaker_0131.jpeg,sneaker
data/training/custom_1500/images/sneaker/sneaker_0132.jpeg,sneaker
data/training/custom_1500/images/sneaker/sneaker_0133.jpeg,sneaker
data/training/custom_1500/images/sneaker/sneaker_0134.jpeg,sneaker
data/training/custom_1500/images/sneaker/sneaker_0135.jpeg,sneaker
data/training/custom_1500/images/sneaker/sneaker_0136.jpeg,sneaker
data/training/custom_1500/images/sneaker/sneaker_0137.jpeg,sneaker
data/training/custom_1500/images/sneaker/sneaker_0138.jpeg,sneaker
data/training/custom_1500/images/sneaker/sneaker_0139.jpeg,sneaker
data/training/custom_1500/images/sneaker/sneaker_0140.jpeg,sneaker
data/training/custom_1500/images/sneaker/sneaker_0141.jpeg,sneaker
data/training/custom_1500/images/sneaker/sneaker_0142.jpeg,sneaker
data/training/custom_1500/images/sneaker/sneaker_0143.jpeg,sneaker
data/training/custom_1500/images/sneaker/sneaker_0144.jpeg,sneaker
data/training/custom_1500/images/sneaker/sneaker_0145.jpeg,sneaker
data/training/custom_1500/images/sneaker/sneaker_0146.jpeg,sneaker
data/training/custom_1500/images/sneaker/sneaker_0147.jpeg,sneaker
data/training/custom_1500/images/sneaker/sneaker_0148.jpeg,sneaker
data/training/custom_1500/images/sneaker/sneaker_0149.jpeg,sneaker
data/training/custom_1500/images/sneaker/sneaker_0150.jpeg,sneaker
data/training/custom_1500/images/sneaker/sneaker_0151.jpeg,sneaker
data/training/custom_1500/images/sneaker/sneaker_0152.jpeg,sneaker
data/training/custom_1500/images/sneaker/sneaker_0153.jpeg,sneaker
data/training/custom_1500/images/sneaker/sneaker_0154.jpeg,sneaker
data/training/custom_1500/images/sneaker/sneaker_0155.jpeg,sneaker
data/training/custom_1500/images/sneaker/sneaker_0156.jpeg,sneaker
data/training/custom_1500/images/sneaker/sneaker_0157.jpeg,sneaker
data/training/custom_1500/images/sneaker/sneaker_0158.jpeg,sneaker
data/training/custom_1500/images/sneaker/sneaker_0159.jpeg,sneaker
data/training/custom_1500/images/sneaker/sneaker_0160.jpeg,sneaker
data/training/custom_1500/images/sneaker/sneaker_0161.jpeg,sneaker
data/training/custom_1500/images/sneaker/sneaker_0162.jpeg,sneaker
data/training/custom_1500/images/sneaker/sneaker_0163.jpeg,sneaker
data/training/custom_1500/images/sneaker/sneaker_0164.jpeg,sneaker
data/training/custom_1500/images/sneaker/sneaker_0165.jpeg,sneaker
data/training/custom_1500/images/sneaker/sneaker_0166.jpeg,sneaker
data/training/custom_1500/images/sneaker/sneaker_0167.jpeg,sneaker
data/training/custom_1500/images/sneaker/sneaker_0168.jpeg,sneaker
data/training/custom_1500/images/sneaker/sneaker_0169.jpeg,sneaker
data/training/custom_1500/images/sneaker/sneaker_0170.jpeg,sneaker
data/training/custom_1500/images/sneaker/sneaker_0171.jpeg,sneaker
data/training/custom_1500/images/sneaker/sneaker_0172.jpeg,sneaker
data/training/custom_1500/images/sneaker/sneaker_0173.jpeg,sneaker
data/training/custom_1500/images/sneaker/sneaker_0174.jpeg,sneaker
data/training/custom_1500/images/sneaker/sneaker_0175.jpeg,sneaker
data/training/custom_1500/images/sneaker/sneaker_0176.jpeg,sneaker
data/training/custom_1500/images/sneaker/sneaker_0177.jpeg,sneaker
data/training/custom_1500/images/sneaker/sneaker_0178.jpeg,sneaker
data/training/custom_1500/images/sneaker/sneaker_0179.jpeg,sneaker
data/training/custom_1500/images/sneaker/sneaker_0180.jpeg,sneaker
data/training/custom_1500/images/sneaker/sneaker_0181.jpeg,sneaker
data/training/custom_1500/images/sneaker/sneaker_0182.jpeg,sneaker
data/training/custom_1500/images/sneaker/sneaker_0183.jpeg,sneaker
data/training/custom_1500/images/sneaker/sneaker_0184.jpeg,sneaker
data/training/custom_1500/images/sneaker/sneaker_0185.jpeg,sneaker
data/training/custom_1500/images/sneaker/sneaker_0186.jpeg,sneaker
data/training/custom_1500/images/sneaker/sneaker_0187.jpeg,sneaker
data/training/custom_1500/images/sneaker/sneaker_0188.jpeg,sneaker
data/training/custom_1500/images/sneaker/sneaker_0189.jpeg,sneaker
data/training/custom_1500/images/sneaker/sneaker_0190.jpeg,sneaker
data/training/custom_1500/images/sneaker/sneaker_0191.jpeg,sneaker
data/training/custom_1500/images/sneaker/sneaker_0192.jpeg,sneaker
data/training/custom_1500/images/sneaker/sneaker_0193.jpeg,sneaker
data/training/custom_1500/images/sneaker/sneaker_0194.jpeg,sneaker
data/training/custom_1500/images/sneaker/sneaker_0195.jpeg,sneaker
data/training/custom_1500/images/sneaker/sneaker_0196.jpeg,sneaker
data/training/custom_1500/images/sneaker/sneaker_0197.jpeg,sneaker
data/training/custom_1500/images/sneaker/sneaker_0198.jpeg,sneaker
data/training/custom_1500/images/sneaker/sneaker_0199.jpeg,sneaker
data/training/custom_1500/images/sneaker/sneaker_0200.jpeg,sneaker
data/training/custom_1500/images/sneaker/sneaker_0201.jpeg,sneaker
data/training/custom_1500/images/sneaker/sneaker_0202.jpeg,sneaker
data/training/custom_1500/images/sneaker/sneaker_0203.jpeg,sneaker
data/training/custom_1500/images/sneaker/sneaker_0204.jpeg,sneaker
data/training/custom_1500/images/sneaker/sneaker_0205.jpeg,sneaker
data/training/custom_1500/images/sneaker/sneaker_0206.jpeg,sneaker
data/training/custom_1500/images/sneaker/sneaker_0207.jpeg,sneaker
data/training/custom_1500/images/sneaker/sneaker_0208.jpeg,sneaker
data/training/custom_1500/images/sneaker/sneaker_0209.jpeg,sneaker
data/training/custom_1500/images/sneaker/sneaker_0210.jpeg,sneaker
data/training/custom_1500/images/sneaker/sneaker_0211.jpeg,sneaker
data/training/custom_1500/images/sneaker/sneaker_0212.jpeg,sneaker
data/training/custom_1500/images/sneaker/sneaker_0213.jpeg,sneaker
data/training/custom_1500/images/sneaker/sneaker_0214.jpeg,sneaker
data/training/custom_1500/images/sneaker/sneaker_0215.jpeg,sneaker
data/training/custom_1500/images/sneaker/sneaker_0216.jpeg,sneaker
data/training/custom_1500/images/sneaker/sneaker_0217.jpeg,sneaker
data/training/custom_1500/images/sneaker/sneaker_0218.jpeg,sneaker
data/training/custom_1500/images/sneaker/sneaker_0219.jpeg,sneaker
data/training/custom_1500/images/sneaker/sneaker_0220.jpeg,sneaker
data/training/custom_1500/images/sneaker/sneaker_0221.jpeg,sneaker
data/training/custom_1500/images/sneaker/sneaker_0222.jpeg,sneaker
data/training/custom_1500/images/sneaker/sneaker_0223.jpeg,sneaker
data/training/custom_1500/images/sneaker/sneaker_0224.jpeg,sneaker
data/training/custom_1500/images/sneaker/sneaker_0225.jpeg,sneaker
data/training/custom_1500/images/sneaker/sneaker_0226.png,sneaker
data/training/custom_1500/images/sneaker/sneaker_0227.jpeg,sneaker
data/training/custom_1500/images/sneaker/sneaker_0228.jpeg,sneaker
data/training/custom_1500/images/sneaker/sneaker_0229.jpeg,sneaker
data/training/custom_1500/images/sneaker/sneaker_0230.jpeg,sneaker
data/training/custom_1500/images/sneaker/sneaker_0231.jpeg,sneaker
data/training/custom_1500/images/sneaker/sneaker_0232.jpeg,sneaker
data/training/custom_1500/images/sneaker/sneaker_0233.jpeg,sneaker
data/training/custom_1500/images/sneaker/sneaker_0234.jpeg,sneaker
data/training/custom_1500/images/sneaker/sneaker_0235.jpeg,sneaker
data/training/custom_1500/images/sneaker/sneaker_0236.jpeg,sneaker
data/training/custom_1500/images/sneaker/sneaker_0237.jpeg,sneaker
data/training/custom_1500/images/sneaker/sneaker_0238.jpeg,sneaker
data/training/custom_1500/images/sneaker/sneaker_0239.jpeg,sneaker
data/training/custom_1500/images/sneaker/sneaker_0240.jpeg,sneaker
data/training/custom_1500/images/sneaker/sneaker_0241.jpeg,sneaker
data/training/custom_1500/images/sneaker/sneaker_0242.jpeg,sneaker
data/training/custom_1500/images/sneaker/sneaker_0243.jpeg,sneaker
data/training/custom_1500/images/sneaker/sneaker_0244.jpeg,sneaker
data/training/custom_1500/images/sneaker/sneaker_0245.jpeg,sneaker
data/training/custom_1500/images/sneaker/sneaker_0246.jpeg,sneaker
data/training/custom_1500/images/sneaker/sneaker_0247.jpeg,sneaker
data/training/custom_1500/images/sneaker/sneaker_0248.jpeg,sneaker
data/training/custom_1500/images/sneaker/sneaker_0249.jpeg,sneaker
data/training/custom_1500/images/sneaker/sneaker_0250.jpeg,sneaker
data/training/custom_1500/images/sneaker/sneaker_0251.jpeg,sneaker
data/training/custom_1500/images/sneaker/sneaker_0252.jpeg,sneaker
data/training/custom_1500/images/sneaker/sneaker_0253.jpeg,sneaker
data/training/custom_1500/images/sneaker/sneaker_0254.jpeg,sneaker
data/training/custom_1500/images/sneaker/sneaker_0255.jpeg,sneaker
data/training/custom_1500/images/sneaker/sneaker_0256.jpeg,sneaker
data/training/custom_1500/images/sneaker/sneaker_0257.jpeg,sneaker
data/training/custom_1500/images/sneaker/sneaker_0258.jpeg,sneaker
data/training/custom_1500/images/sneaker/sneaker_0259.jpeg,sneaker
data/training/custom_1500/images/sneaker/sneaker_0260.jpeg,sneaker
data/training/custom_1500/images/sneaker/sneaker_0261.jpeg,sneaker
data/training/custom_1500/images/sneaker/sneaker_0262.jpeg,sneaker
data/training/custom_1500/images/sneaker/sneaker_0263.jpeg,sneaker
data/training/custom_1500/images/sneaker/sneaker_0264.jpeg,sneaker
data/training/custom_1500/images/sneaker/sneaker_0265.jpeg,sneaker
data/training/custom_1500/images/sneaker/sneaker_0266.jpeg,sneaker
data/training/custom_1500/images/sneaker/sneaker_0267.jpeg,sneaker
data/training/custom_1500/images/sneaker/sneaker_0268.jpeg,sneaker
data/training/custom_1500/images/sneaker/sneaker_0269.jpeg,sneaker
data/training/custom_1500/images/sneaker/sneaker_0270.jpeg,sneaker
data/training/custom_1500/images/sneaker/sneaker_0271.jpeg,sneaker
data/training/custom_1500/images/sneaker/sneaker_0272.jpeg,sneaker
data/training/custom_1500/images/sneaker/sneaker_0273.jpeg,sneaker
data/training/custom_1500/images/sneaker/sneaker_0274.jpeg,sneaker
data/training/custom_1500/images/sneaker/sneaker_0275.jpeg,sneaker
data/training/custom_1500/images/sneaker/sneaker_0276.jpeg,sneaker
data/training/custom_1500/images/sneaker/sneaker_0277.jpeg,sneaker
data/training/custom_1500/images/sneaker/sneaker_0278.jpeg,sneaker
data/training/custom_1500/images/sneaker/sneaker_0279.jpeg,sneaker
data/training/custom_1500/images/sneaker/sneaker_0280.jpeg,sneaker
data/training/custom_1500/images/sneaker/sneaker_0281.jpeg,sneaker
data/training/custom_1500/images/sneaker/sneaker_0282.jpeg,sneaker
data/training/custom_1500/images/sneaker/sneaker_0283.jpeg,sneaker
data/training/custom_1500/images/sneaker/sneaker_0284.jpeg,sneaker
data/training/custom_1500/images/sneaker/sneaker_0285.jpeg,sneaker
data/training/custom_1500/images/sneaker/sneaker_0286.jpeg,sneaker
data/training/custom_1500/images/sneaker/sneaker_0287.jpeg,sneaker
data/training/custom_1500/images/sneaker/sneaker_0288.jpeg,sneaker
data/training/custom_1500/images/sneaker/sneaker_0289.jpeg,sneaker
data/training/custom_1500/images/sneaker/sneaker_0290.jpeg,sneaker
data/training/custom_1500/images/sneaker/sneaker_0291.jpeg,sneaker
data/training/custom_1500/images/sneaker/sneaker_0292.jpeg,sneaker
data/training/custom_1500/images/sneaker/sneaker_0293.jpeg,sneaker
data/training/custom_1500/images/sneaker/sneaker_0294.jpeg,sneaker
data/training/custom_1500/images/sneaker/sneaker_0295.jpeg,sneaker
data/training/custom_1500/images/sneaker/sneaker_0296.jpeg,sneaker
data/training/custom_1500/images/sneaker/sneaker_0297.jpeg,sneaker
data/training/custom_1500/images/sneaker/sneaker_0298.jpeg,sneaker
data/training/custom_1500/images/sneaker/sneaker_0299.jpeg,sneaker
data/training/custom_1500/images/sneaker/sneaker_0300.jpeg,sneaker
data/training/custom_1500/images/sneaker/sneaker_0301.jpeg,sneaker
data/training/custom_1500/images/sneaker/sneaker_0302.jpeg,sneaker
data/training/custom_1500/images/sneaker/sneaker_0303.jpeg,sneaker
data/training/custom_1500/images/sneaker/sneaker_0304.jpeg,sneaker
data/training/custom_1500/images/sneaker/sneaker_0305.jpeg,sneaker
data/training/custom_1500/images/sneaker/sneaker_0306.jpeg,sneaker
data/training/custom_1500/images/sneaker/sneaker_0307.jpeg,sneaker
data/training/custom_1500/images/sneaker/sneaker_0308.jpeg,sneaker
data/training/custom_1500/images/sneaker/sneaker_0309.jpeg,sneaker
data/training/custom_1500/images/sneaker/sneaker_0310.jpeg,sneaker
data/training/custom_1500/images/sneaker/sneaker_0311.jpeg,sneaker
data/training/custom_1500/images/sneaker/sneaker_0312.jpeg,sneaker
data/training/custom_1500/images/sneaker/sneaker_0313.jpeg,sneaker
data/training/custom_1500/images/sneaker/sneaker_0314.jpeg,sneaker
data/training/custom_1500/images/sneaker/sneaker_0315.jpeg,sneaker
data/training/custom_1500/images/sneaker/sneaker_0316.jpeg,sneaker
data/training/custom_1500/images/sneaker/sneaker_0317.jpeg,sneaker
data/training/custom_1500/images/sneaker/sneaker_0318.jpeg,sneaker
data/training/custom_1500/images/sneaker/sneaker_0319.jpeg,sneaker
data/training/custom_1500/images/sneaker/sneaker_0320.jpeg,sneaker
data/training/custom_1500/images/sneaker/sneaker_0321.jpeg,sneaker
data/training/custom_1500/images/sneaker/sneaker_0322.jpeg,sneaker
data/training/custom_1500/images/sneaker/sneaker_0323.jpeg,sneaker
data/training/custom_1500/images/sneaker/sneaker_0324.jpeg,sneaker
data/training/custom_1500/images/sneaker/sneaker_0325.jpeg,sneaker
data/training/custom_1500/images/sneaker/sneaker_0326.jpeg,sneaker
data/training/custom_1500/images/sneaker/sneaker_0327.jpeg,sneaker
data/training/custom_1500/images/sneaker/sneaker_0328.jpeg,sneaker
data/training/custom_1500/images/sneaker/sneaker_0329.jpeg,sneaker
data/training/custom_1500/images/sneaker/sneaker_0330.jpeg,sneaker
data/training/custom_1500/images/sneaker/sneaker_0331.jpeg,sneaker
data/training/custom_1500/images/sneaker/sneaker_0332.jpeg,sneaker
data/training/custom_1500/images/sneaker/sneaker_0333.jpeg,sneaker
data/training/custom_1500/images/sneaker/sneaker_0334.jpeg,sneaker
data/training/custom_1500/images/sneaker/sneaker_0335.jpeg,sneaker
data/training/custom_1500/images/sneaker/sneaker_0336.jpeg,sneaker
data/training/custom_1500/images/sneaker/sneaker_0337.jpeg,sneaker
data/training/custom_1500/images/sneaker/sneaker_0338.jpeg,sneaker
data/training/custom_1500/images/sneaker/sneaker_0339.jpeg,sneaker
data/training/custom_1500/images/sneaker/sneaker_0340.jpeg,sneaker
data/training/custom_1500/images/sneaker/sneaker_0341.jpeg,sneaker
data/training/custom_1500/images/sneaker/sneaker_0342.jpeg,sneaker
data/training/custom_1500/images/sneaker/sneaker_0343.jpeg,sneaker
data/training/custom_1500/images/sneaker/sneaker_0344.jpeg,sneaker
data/training/custom_1500/images/sneaker/sneaker_0345.jpeg,sneaker
data/training/custom_1500/images/sneaker/sneaker_0346.jpeg,sneaker
data/training/custom_1500/images/sneaker/sneaker_0347.jpeg,sneaker
data/training/custom_1500/images/sneaker/sneaker_0348.jpeg,sneaker
data/training/custom_1500/images/sneaker/sneaker_0349.jpeg,sneaker
data/training/custom_1500/images/sneaker/sneaker_0350.jpeg,sneaker
data/training/custom_1500/images/sneaker/sneaker_0351.jpeg,sneaker
data/training/custom_1500/images/sneaker/sneaker_0352.jpeg,sneaker
data/training/custom_1500/images/sneaker/sneaker_0353.jpeg,sneaker
data/training/custom_1500/images/sneaker/sneaker_0354.jpeg,sneaker
data/training/custom_1500/images/sneaker/sneaker_0355.jpeg,sneaker
data/training/custom_1500/images/sneaker/sneaker_0356.jpeg,sneaker
data/training/custom_1500/images/sneaker/sneaker_0357.jpeg,sneaker
data/training/custom_1500/images/sneaker/sneaker_0358.jpeg,sneaker
data/training/custom_1500/images/sneaker/sneaker_0359.jpeg,sneaker
data/training/custom_1500/images/sneaker/sneaker_0360.jpeg,sneaker
data/training/custom_1500/images/sneaker/sneaker_0361.jpeg,sneaker
data/training/custom_1500/images/sneaker/sneaker_0362.jpeg,sneaker
data/training/custom_1500/images/sneaker/sneaker_0363.jpeg,sneaker
data/training/custom_1500/images/sneaker/sneaker_0364.jpeg,sneaker
data/training/custom_1500/images/sneaker/sneaker_0365.jpeg,sneaker
data/training/custom_1500/images/sneaker/sneaker_0366.jpeg,sneaker
data/training/custom_1500/images/sneaker/sneaker_0367.jpeg,sneaker
data/training/custom_1500/images/sneaker/sneaker_0368.jpeg,sneaker
data/training/custom_1500/images/sneaker/sneaker_0369.jpeg,sneaker
data/training/custom_1500/images/sneaker/sneaker_0370.jpeg,sneaker
data/training/custom_1500/images/sneaker/sneaker_0371.jpeg,sneaker
data/training/custom_1500/images/sneaker/sneaker_0372.jpeg,sneaker
data/training/custom_1500/images/sneaker/sneaker_0373.jpeg,sneaker
data/training/custom_1500/images/sneaker/sneaker_0374.jpeg,sneaker
data/training/custom_1500/images/sneaker/sneaker_0375.jpeg,sneaker
data/training/custom_1500/images/sneaker/sneaker_0376.jpeg,sneaker
data/training/custom_1500/images/sneaker/sneaker_0377.jpeg,sneaker
data/training/custom_1500/images/sneaker/sneaker_0378.jpeg,sneaker
data/training/custom_1500/images/sneaker/sneaker_0379.jpeg,sneaker
data/training/custom_1500/images/sneaker/sneaker_0380.jpeg,sneaker
data/training/custom_1500/images/sneaker/sneaker_0381.jpeg,sneaker
data/training/custom_1500/images/sneaker/sneaker_0382.jpeg,sneaker
data/training/custom_1500/images/sneaker/sneaker_0383.jpeg,sneaker
data/training/custom_1500/images/sneaker/sneaker_0384.jpeg,sneaker
data/training/custom_1500/images/sneaker/sneaker_0385.jpeg,sneaker
data/training/custom_1500/images/sneaker/sneaker_0386.jpeg,sneaker
data/training/custom_1500/images/sneaker/sneaker_0387.jpeg,sneaker
data/training/custom_1500/images/sneaker/sneaker_0388.jpeg,sneaker
data/training/custom_1500/images/sneaker/sneaker_0389.jpeg,sneaker
data/training/custom_1500/images/sneaker/sneaker_0390.jpeg,sneaker
data/training/custom_1500/images/sneaker/sneaker_0391.jpeg,sneaker
data/training/custom_1500/images/sneaker/sneaker_0392.jpeg,sneaker
data/training/custom_1500/images/sneaker/sneaker_0393.jpeg,sneaker
data/training/custom_1500/images/sneaker/sneaker_0394.jpeg,sneaker
data/training/custom_1500/images/sneaker/sneaker_0395.jpeg,sneaker
data/training/custom_1500/images/sneaker/sneaker_0396.jpeg,sneaker
data/training/custom_1500/images/sneaker/sneaker_0397.jpeg,sneaker
data/training/custom_1500/images/sneaker/sneaker_0398.jpeg,sneaker
data/training/custom_1500/images/sneaker/sneaker_0399.jpeg,sneaker
data/training/custom_1500/images/sneaker/sneaker_0400.jpeg,sneaker
data/training/custom_1500/images/sneaker/sneaker_0401.jpeg,sneaker
data/training/custom_1500/images/sneaker/sneaker_0402.jpeg,sneaker
data/training/custom_1500/images/sneaker/sneaker_0403.jpeg,sneaker
data/training/custom_1500/images/sneaker/sneaker_0404.jpeg,sneaker
data/training/custom_1500/images/sneaker/sneaker_0405.jpeg,sneaker
data/training/custom_1500/images/sneaker/sneaker_0406.jpeg,sneaker
data/training/custom_1500/images/sneaker/sneaker_0407.jpeg,sneaker
data/training/custom_1500/images/sneaker/sneaker_0408.jpeg,sneaker
data/training/custom_1500/images/sneaker/sneaker_0409.jpeg,sneaker
data/training/custom_1500/images/sneaker/sneaker_0410.jpeg,sneaker
data/training/custom_1500/images/sneaker/sneaker_0411.jpeg,sneaker
data/training/custom_1500/images/sneaker/sneaker_0412.jpeg,sneaker
data/training/custom_1500/images/sneaker/sneaker_0413.jpeg,sneaker
data/training/custom_1500/images/sneaker/sneaker_0414.jpeg,sneaker
data/training/custom_1500/images/sneaker/sneaker_0415.jpeg,sneaker
data/training/custom_1500/images/sneaker/sneaker_0416.jpeg,sneaker
data/training/custom_1500/images/sneaker/sneaker_0417.jpeg,sneaker
data/training/custom_1500/images/sneaker/sneaker_0418.jpeg,sneaker
data/training/custom_1500/images/sneaker/sneaker_0419.jpeg,sneaker
data/training/custom_1500/images/sneaker/sneaker_0420.jpeg,sneaker
data/training/custom_1500/images/sneaker/sneaker_0421.jpeg,sneaker
data/training/custom_1500/images/sneaker/sneaker_0422.jpeg,sneaker
data/training/custom_1500/images/sneaker/sneaker_0423.jpeg,sneaker
data/training/custom_1500/images/sneaker/sneaker_0424.jpeg,sneaker
data/training/custom_1500/images/sneaker/sneaker_0425.jpeg,sneaker
data/training/custom_1500/images/sneaker/sneaker_0426.jpeg,sneaker
data/training/custom_1500/images/sneaker/sneaker_0427.jpeg,sneaker
data/training/custom_1500/images/sneaker/sneaker_0428.jpeg,sneaker
data/training/custom_1500/images/sneaker/sneaker_0429.jpeg,sneaker
data/training/custom_1500/images/sneaker/sneaker_0430.jpeg,sneaker
data/training/custom_1500/images/sneaker/sneaker_0431.jpeg,sneaker
data/training/custom_1500/images/sneaker/sneaker_0432.jpeg,sneaker
data/training/custom_1500/images/sneaker/sneaker_0433.jpeg,sneaker
data/training/custom_1500/images/sneaker/sneaker_0434.jpeg,sneaker
data/training/custom_1500/images/sneaker/sneaker_0435.jpeg,sneaker
data/training/custom_1500/images/sneaker/sneaker_0436.jpeg,sneaker
data/training/custom_1500/images/sneaker/sneaker_0437.jpeg,sneaker
data/training/custom_1500/images/sneaker/sneaker_0438.jpeg,sneaker
data/training/custom_1500/images/sneaker/sneaker_0439.jpeg,sneaker
data/training/custom_1500/images/sneaker/sneaker_0440.jpeg,sneaker
data/training/custom_1500/images/sneaker/sneaker_0441.jpeg,sneaker
data/training/custom_1500/images/sneaker/sneaker_0442.jpeg,sneaker
data/training/custom_1500/images/sneaker/sneaker_0443.jpeg,sneaker
data/training/custom_1500/images/sneaker/sneaker_0444.jpeg,sneaker
data/training/custom_1500/images/sneaker/sneaker_0445.jpeg,sneaker
data/training/custom_1500/images/sneaker/sneaker_0446.jpeg,sneaker
data/training/custom_1500/images/sneaker/sneaker_0447.jpeg,sneaker
data/training/custom_1500/images/sneaker/sneaker_0448.jpeg,sneaker
data/training/custom_1500/images/sneaker/sneaker_0449.jpeg,sneaker
data/training/custom_1500/images/sneaker/sneaker_0450.jpeg,sneaker
data/training/custom_1500/images/sneaker/sneaker_0451.jpeg,sneaker
data/training/custom_1500/images/sneaker/sneaker_0452.jpeg,sneaker
data/training/custom_1500/images/sneaker/sneaker_0453.jpeg,sneaker
data/training/custom_1500/images/sneaker/sneaker_0454.jpeg,sneaker
data/training/custom_1500/images/sneaker/sneaker_0455.jpeg,sneaker
data/training/custom_1500/images/sneaker/sneaker_0456.jpeg,sneaker
data/training/custom_1500/images/sneaker/sneaker_0457.jpeg,sneaker
data/training/custom_1500/images/sneaker/sneaker_0458.jpeg,sneaker
data/training/custom_1500/images/sneaker/sneaker_0459.jpeg,sneaker
data/training/custom_1500/images/sneaker/sneaker_0460.jpeg,sneaker
data/training/custom_1500/images/sneaker/sneaker_0461.jpeg,sneaker
data/training/custom_1500/images/sneaker/sneaker_0462.jpeg,sneaker
data/training/custom_1500/images/sneaker/sneaker_0463.jpeg,sneaker
data/training/custom_1500/images/sneaker/sneaker_0464.jpeg,sneaker
data/training/custom_1500/images/sneaker/sneaker_0465.jpeg,sneaker
data/training/custom_1500/images/sneaker/sneaker_0466.jpeg,sneaker
data/training/custom_1500/images/sneaker/sneaker_0467.jpeg,sneaker
data/training/custom_1500/images/sneaker/sneaker_0468.jpeg,sneaker
data/training/custom_1500/images/sneaker/sneaker_0469.jpeg,sneaker
data/training/custom_1500/images/sneaker/sneaker_0470.jpeg,sneaker
data/training/custom_1500/images/sneaker/sneaker_0471.jpeg,sneaker
data/training/custom_1500/images/sneaker/sneaker_0472.jpeg,sneaker
data/training/custom_1500/images/sneaker/sneaker_0473.jpeg,sneaker
data/training/custom_1500/images/sneaker/sneaker_0474.jpeg,sneaker
data/training/custom_1500/images/sneaker/sneaker_0475.jpeg,sneaker
data/training/custom_1500/images/sneaker/sneaker_0476.jpeg,sneaker
data/training/custom_1500/images/sneaker/sneaker_0477.jpeg,sneaker
data/training/custom_1500/images/sneaker/sneaker_0478.jpeg,sneaker
data/training/custom_1500/images/sneaker/sneaker_0479.jpeg,sneaker
data/training/custom_1500/images/sneaker/sneaker_0480.jpeg,sneaker
data/training/custom_1500/images/sneaker/sneaker_0481.jpeg,sneaker
data/training/custom_1500/images/sneaker/sneaker_0482.jpeg,sneaker
data/training/custom_1500/images/sneaker/sneaker_0483.jpeg,sneaker
data/training/custom_1500/images/sneaker/sneaker_0484.jpeg,sneaker
data/training/custom_1500/images/sneaker/sneaker_0485.jpeg,sneaker
data/training/custom_1500/images/sneaker/sneaker_0486.jpeg,sneaker
data/training/custom_1500/images/sneaker/sneaker_0487.jpeg,sneaker
data/training/custom_1500/images/sneaker/sneaker_0488.jpeg,sneaker
data/training/custom_1500/images/sneaker/sneaker_0489.jpeg,sneaker
data/training/custom_1500/images/sneaker/sneaker_0490.jpeg,sneaker
data/training/custom_1500/images/sneaker/sneaker_0491.jpeg,sneaker
data/training/custom_1500/images/sneaker/sneaker_0492.jpeg,sneaker
data/training/custom_1500/images/sneaker/sneaker_0493.jpeg,sneaker
data/training/custom_1500/images/sneaker/sneaker_0494.jpeg,sneaker
data/training/custom_1500/images/sneaker/sneaker_0495.jpeg,sneaker
data/training/custom_1500/images/sneaker/sneaker_0496.jpeg,sneaker
data/training/custom_1500/images/sneaker/sneaker_0497.jpeg,sneaker
data/training/custom_1500/images/sneaker/sneaker_0498.jpeg,sneaker
data/training/custom_1500/images/sneaker/sneaker_0499.jpeg,sneaker
data/training/custom_1500/images/sneaker/sneaker_0500.jpeg,sneaker
